GENE_ENTREZ_ID,GENE_SYMBOL,DISEASE_IDS
144568,A2ML1,"ORPHA:648,OMIM:166760"
24,ABCA4,"ORPHA:827,OMIM:153800,ORPHA:1872,ORPHA:791,OMIM:604116,OMIM:248200,OMIM:601718"
5826,ABCD4,OMIM:614857
25,ABL1,"ORPHA:521,OMIM:608232,OMIM:617602"
58,ACTA1,"OMIM:161800,ORPHA:97244,ORPHA:171439,ORPHA:171433,ORPHA:171430,ORPHA:171436,ORPHA:2020,OMIM:255310,OMIM:616852,ORPHA:97240"
59,ACTA2,"ORPHA:91387,OMIM:614042,OMIM:611788,ORPHA:2573,OMIM:613834"
60,ACTB,"ORPHA:79107,ORPHA:64755,OMIM:243310,ORPHA:2995,OMIM:607371"
72,ACTG2,"OMIM:619431,OMIM:155310,ORPHA:2604,ORPHA:2241"
51412,ACTL6B,"ORPHA:442835,ORPHA:528084,OMIM:618470,OMIM:618468"
51816,ADA2,"ORPHA:820,ORPHA:124,OMIM:615688,OMIM:182410"
9508,ADAMTS3,"OMIM:618154,ORPHA:2136"
103,ADAR,"OMIM:615010,ORPHA:41,ORPHA:51,OMIM:127400,ORPHA:225154"
104,ADARB1,OMIM:618862
113179,ADAT3,"OMIM:615286,ORPHA:363528"
23394,ADNP,"OMIM:615873,ORPHA:404448"
165,AEBP1,"ORPHA:536532,OMIM:618000"
27125,AFF4,"OMIM:616368,ORPHA:444077"
175,AGA,"OMIM:208400,ORPHA:93"
60509,AGBL5,"ORPHA:791,OMIM:617023"
27161,AGO2,"ORPHA:528084,OMIM:619149"
10555,AGPAT2,"ORPHA:528,OMIM:608594"
54806,AHI1,"ORPHA:475,ORPHA:220493,ORPHA:791,OMIM:608629"
196,AHR,"ORPHA:791,OMIM:618345"
9049,AIP,"OMIM:219090,ORPHA:963,OMIM:102200,ORPHA:2965,ORPHA:99725"
1646,AKR1C2,OMIM:614279
1109,AKR1C4,OMIM:614279
207,AKT1,"ORPHA:201,OMIM:167000,OMIM:114500,OMIM:114480,ORPHA:2495,ORPHA:744,OMIM:615109,OMIM:176920"
5832,ALDH18A1,"OMIM:219150,ORPHA:90348,OMIM:616603,OMIM:601162,ORPHA:35664,ORPHA:447753,OMIM:616586,ORPHA:447760,ORPHA:447757"
79087,ALG12,"OMIM:607143,ORPHA:79324"
79053,ALG8,"OMIM:617874,ORPHA:79325,OMIM:608104"
91801,ALKBH8,"ORPHA:88616,OMIM:618504"
7840,ALMS1,"OMIM:203800,ORPHA:64"
242,ALOX12B,"ORPHA:79394,ORPHA:281122,ORPHA:313,OMIM:242100"
59344,ALOXE3,"OMIM:606545,ORPHA:79394,ORPHA:281122,ORPHA:313,OMIM:242100"
60529,ALX4,"ORPHA:60015,ORPHA:35093,ORPHA:228390,OMIM:613451,OMIM:609597,ORPHA:52022,OMIM:615529"
268,AMH,"ORPHA:2856,OMIM:261550"
269,AMHR2,"ORPHA:2856,OMIM:261550"
64682,ANAPC1,"ORPHA:221008,OMIM:618625"
285,ANGPT2,OMIM:619369
286,ANK1,"ORPHA:251066,ORPHA:822,OMIM:182900"
23141,ANKLE2,"OMIM:616681,ORPHA:2512"
29123,ANKRD11,"ORPHA:2332,OMIM:148050,ORPHA:261250"
3730,ANOS1,"OMIM:308700,ORPHA:478"
8905,AP1S2,"ORPHA:85329,ORPHA:85335,OMIM:304340,ORPHA:1568"
10297,APC2,"OMIM:617169,ORPHA:821,OMIM:618677"
367,AR,"OMIM:300068,ORPHA:99429,OMIM:313200,OMIM:176807,OMIM:312300,ORPHA:481,ORPHA:95706,OMIM:300633,ORPHA:90797"
372,ARCN1,OMIM:617164
23370,ARHGEF18,"OMIM:617433,ORPHA:791"
8289,ARID1A,"ORPHA:1465,OMIM:614607"
57492,ARID1B,"ORPHA:1465,OMIM:135900,ORPHA:251056"
196528,ARID2,"ORPHA:1465,OMIM:617808"
23568,ARL2BP,"ORPHA:791,OMIM:615434"
403,ARL3,"ORPHA:475,OMIM:618173,ORPHA:791,OMIM:618161"
84100,ARL6,"ORPHA:110,OMIM:600151,ORPHA:791,OMIM:613575,OMIM:268000,OMIM:209900"
9915,ARNT2,"OMIM:615926,ORPHA:3157"
170302,ARX,"OMIM:300419,ORPHA:1934,ORPHA:3451,ORPHA:94083,OMIM:309510,OMIM:300215,ORPHA:2508,ORPHA:777,OMIM:308350,OMIM:300004,ORPHA:452,ORPHA:3175"
55870,ASH1L,"ORPHA:178469,OMIM:617796"
80816,ASXL3,"OMIM:615485,ORPHA:352577"
55210,ATAD3A,"OMIM:617183,OMIM:618810,ORPHA:496790"
471,ATIC,"ORPHA:250977,OMIM:608688"
472,ATM,"ORPHA:52416,OMIM:114480,ORPHA:100,OMIM:208900"
1822,ATN1,"OMIM:125370,OMIM:618494,ORPHA:101"
10159,ATP6AP2,"OMIM:300423,ORPHA:93952,OMIM:301045,OMIM:300911,ORPHA:363654"
23545,ATP6V0A2,"OMIM:219200,ORPHA:357074,ORPHA:2834,OMIM:278250"
523,ATP6V1A,"ORPHA:442835,ORPHA:357074,OMIM:617403,OMIM:618012"
526,ATP6V1B2,"ORPHA:3473,OMIM:124480,ORPHA:79500,OMIM:616455,ORPHA:79499"
529,ATP6V1E1,"ORPHA:357074,OMIM:617402"
91647,ATPAF2,OMIM:604273
545,ATR,"OMIM:210600,OMIM:614564,ORPHA:808"
546,ATRX,"ORPHA:847,ORPHA:231401,OMIM:300448,OMIM:301040,OMIM:309580,ORPHA:100075"
26053,AUTS2,"ORPHA:352490,OMIM:615834"
558,AXL,OMIM:146110
148789,B3GALNT2,"OMIM:615181,ORPHA:88616,ORPHA:899,ORPHA:588"
145173,B3GLCT,"ORPHA:709,OMIM:261540"
11285,B4GALT7,"OMIM:130070,ORPHA:75496"
11041,B4GAT1,"OMIM:615287,ORPHA:899"
27077,B9D1,"ORPHA:475,ORPHA:564,OMIM:617120,OMIM:614209"
80776,B9D2,"ORPHA:564,OMIM:614175"
92482,BBIP1,"OMIM:615995,ORPHA:110"
582,BBS1,"ORPHA:110,OMIM:209900"
79738,BBS10,"ORPHA:110,OMIM:615987"
166379,BBS12,"ORPHA:110,OMIM:615989"
583,BBS2,"ORPHA:110,OMIM:615981,ORPHA:791,OMIM:616562"
585,BBS4,"ORPHA:110,OMIM:615982"
129880,BBS5,"OMIM:615983,ORPHA:110"
55212,BBS7,"ORPHA:110,OMIM:615984"
27241,BBS9,"ORPHA:110,OMIM:615986"
54880,BCOR,"ORPHA:568,OMIM:309800,OMIM:300166,ORPHA:520,ORPHA:2712"
63035,BCORL1,"ORPHA:528084,OMIM:301029"
7439,BEST1,"ORPHA:99000,ORPHA:791,OMIM:193220,ORPHA:1243,OMIM:611809,ORPHA:35612,OMIM:613194,OMIM:153700"
29998,BICRA,OMIM:619325
274,BIN1,"OMIM:255200,ORPHA:169186,ORPHA:169189"
641,BLM,"ORPHA:125,OMIM:210900"
650,BMP2,"ORPHA:261295,OMIM:235200,OMIM:112600,OMIM:617877,ORPHA:93396"
652,BMP4,"OMIM:600625,OMIM:607932,ORPHA:139471,ORPHA:199306"
657,BMPR1A,"ORPHA:440437,ORPHA:329971,ORPHA:157794,OMIM:610069,ORPHA:79076,OMIM:174900"
54796,BNC2,"ORPHA:93110,OMIM:618612"
2186,BPTF,"ORPHA:528084,OMIM:617755,ORPHA:529962"
673,BRAF,"OMIM:613706,ORPHA:1340,OMIM:114500,OMIM:115150,OMIM:211980,ORPHA:54595,ORPHA:840,OMIM:155600,ORPHA:500,OMIM:613707,OMIM:163950"
672,BRCA1,"OMIM:617883,OMIM:114480,ORPHA:1333,OMIM:604370,ORPHA:84,ORPHA:168829,ORPHA:145"
675,BRCA2,"OMIM:155255,OMIM:613347,OMIM:612555,OMIM:114480,ORPHA:1333,OMIM:176807,ORPHA:654,ORPHA:84,OMIM:613029,OMIM:605724,OMIM:194070,ORPHA:145"
2972,BRF1,"ORPHA:444072,OMIM:616202"
83990,BRIP1,"OMIM:114480,ORPHA:84,OMIM:609054,ORPHA:145"
254065,BRWD3,OMIM:300659
26580,BSCL2,"OMIM:270685,ORPHA:363400,OMIM:615924,ORPHA:139536,ORPHA:528,OMIM:269700,OMIM:619112,ORPHA:100998"
699,BUB1,"OMIM:114500,ORPHA:1052"
701,BUB1B,"OMIM:114500,OMIM:257300,ORPHA:1052,OMIM:176430"
317761,C14orf39,"ORPHA:399805,OMIM:619202,OMIM:619203"
26005,C2CD3,"OMIM:615948,ORPHA:434179"
720,C4A,"OMIM:614380,ORPHA:117"
833,CARS1,OMIM:618891
8573,CASK,"ORPHA:1934,ORPHA:163937,OMIM:300749,OMIM:300908,OMIM:300422"
857,CAV1,"OMIM:615343,ORPHA:220393,ORPHA:528,ORPHA:220402,OMIM:606721,OMIM:612526"
284119,CAVIN1,"ORPHA:528,OMIM:613327"
867,CBL,"ORPHA:98850,OMIM:613563,ORPHA:648,OMIM:607785"
84733,CBX2,"OMIM:613080,ORPHA:242"
57545,CC2D2A,"ORPHA:1454,OMIM:612284,ORPHA:564,OMIM:619111,ORPHA:2318,OMIM:612285"
147372,CCBE1,"OMIM:235510,ORPHA:2136"
285025,CCDC141,"OMIM:146110,ORPHA:478"
51244,CCDC174,OMIM:616816
28952,CCDC22,"ORPHA:7,OMIM:300963"
79140,CCDC28B,OMIM:209900
90416,CCDC32,"ORPHA:528084,OMIM:619123"
83987,CCDC8,"ORPHA:2616,OMIM:614205"
92002,CCNQ,"ORPHA:140952,OMIM:300707"
10225,CD96,"OMIM:211750,ORPHA:1308"
998,CDC42,"ORPHA:487796,OMIM:616737"
8318,CDC45,"OMIM:617063,ORPHA:2554"
990,CDC6,"ORPHA:2554,OMIM:613805"
79577,CDC73,"ORPHA:99879,OMIM:608266,OMIM:145000,OMIM:145001,ORPHA:99880,ORPHA:143"
83879,CDCA7,"OMIM:616910,ORPHA:2268"
1009,CDH11,"OMIM:211380,ORPHA:1299"
1000,CDH2,"OMIM:618929,OMIM:618920"
92211,CDHR1,"ORPHA:1872,ORPHA:791,OMIM:613660"
1024,CDK8,OMIM:618748
6792,CDKL5,"ORPHA:3095,ORPHA:1934,ORPHA:3451,OMIM:300672,ORPHA:505652"
1027,CDKN1B,"ORPHA:276152,ORPHA:652,OMIM:610755"
1028,CDKN1C,"ORPHA:397590,OMIM:614732,ORPHA:436144,OMIM:130650,ORPHA:85173"
1029,CDKN2A,"ORPHA:524,OMIM:606719,OMIM:155601,OMIM:155755,ORPHA:1333,ORPHA:618"
50937,CDON,"OMIM:614226,ORPHA:220386,ORPHA:93925,ORPHA:280195,ORPHA:95496,ORPHA:93924,ORPHA:280200,ORPHA:93926"
81620,CDT1,"ORPHA:2554,OMIM:613804"
80152,CENPT,OMIM:618702
153241,CEP120,"ORPHA:475,ORPHA:220493,OMIM:616300,OMIM:617761,ORPHA:474"
22995,CEP152,"OMIM:613823,OMIM:614852,ORPHA:2512,ORPHA:808"
84984,CEP19,"ORPHA:110,OMIM:615703"
80184,CEP290,"OMIM:611755,ORPHA:564,OMIM:610189,ORPHA:65,ORPHA:110,OMIM:615991,ORPHA:2318,OMIM:611134,OMIM:610188,ORPHA:3156"
95681,CEP41,"ORPHA:475,ORPHA:220493,OMIM:614464"
9702,CEP57,"OMIM:614114,ORPHA:1052"
375298,CERKL,"OMIM:608380,ORPHA:791"
157657,CFAP418,"ORPHA:110,OMIM:617406,OMIM:614500,ORPHA:1872,ORPHA:791,OMIM:268000"
286464,CFAP47,"ORPHA:399808,OMIM:301059"
1080,CFTR,"OMIM:167800,OMIM:211400,ORPHA:399805,ORPHA:586,ORPHA:676,ORPHA:60033,ORPHA:498359,OMIM:219700,OMIM:277180,ORPHA:48"
1108,CHD4,OMIM:617159
55636,CHD7,"ORPHA:432,OMIM:612370,ORPHA:138,ORPHA:39041,OMIM:214800,ORPHA:478"
11200,CHEK2,"ORPHA:524,OMIM:114500,OMIM:114480,ORPHA:668,OMIM:259500,OMIM:176807,OMIM:609265,ORPHA:145"
1131,CHRM3,"OMIM:100100,ORPHA:2970"
1136,CHRNA3,OMIM:191800
1146,CHRNG,"OMIM:265000,ORPHA:2990,OMIM:253290"
113189,CHST14,"OMIM:601776,ORPHA:2953"
1147,CHUK,"OMIM:613630,OMIM:619339"
22858,CILK1,"OMIM:612651,ORPHA:307,OMIM:617924"
10370,CITED2,"ORPHA:99105,ORPHA:99103,OMIM:614433,OMIM:614431,ORPHA:3303"
150468,CKAP2L,"ORPHA:3255,OMIM:272440"
1183,CLCN4,"ORPHA:485350,OMIM:300114,ORPHA:777"
1193,CLIC2,"ORPHA:324410,OMIM:300886"
79827,CLMP,"ORPHA:2301,OMIM:615237"
10978,CLP1,"OMIM:615803,ORPHA:411493"
7401,CLRN1,"ORPHA:231183,OMIM:614180,OMIM:276902,ORPHA:791,OMIM:268000"
1259,CNGA1,"ORPHA:791,OMIM:613756,OMIM:268000"
1258,CNGB1,"OMIM:613767,ORPHA:791"
4849,CNOT3,"ORPHA:528084,OMIM:618672"
9382,COG1,"ORPHA:263508,OMIM:611209"
10466,COG5,"OMIM:613612,ORPHA:263487"
1281,COL3A1,"OMIM:130050,ORPHA:286,OMIM:618343,ORPHA:2500,ORPHA:231160"
1282,COL4A1,"OMIM:180000,ORPHA:73229,OMIM:611773,ORPHA:899,OMIM:618564,OMIM:175780"
1294,COL7A1,"OMIM:131750,OMIM:131705,ORPHA:79409,ORPHA:231568,ORPHA:158676,ORPHA:79408,ORPHA:89843,OMIM:607523,ORPHA:89842,ORPHA:79411,ORPHA:158673,OMIM:604129,OMIM:132000,OMIM:226600,ORPHA:79410,OMIM:131850"
10584,COLEC10,"ORPHA:293843,OMIM:248340"
78989,COLEC11,"OMIM:265050,ORPHA:293843"
1312,COMT,"ORPHA:567,OMIM:181500,OMIM:167870"
1349,COX7B,"ORPHA:2556,OMIM:300887,OMIM:309801"
1363,CPE,OMIM:619326
65250,CPLANE1,"ORPHA:2754,ORPHA:475,OMIM:277170,ORPHA:65684,OMIM:614615"
10815,CPLX1,"ORPHA:352582,ORPHA:280,OMIM:194190,OMIM:617976"
23418,CRB1,"ORPHA:65,OMIM:172870,OMIM:600105,ORPHA:791,ORPHA:35612,OMIM:613835"
1387,CREBBP,"ORPHA:353277,OMIM:180849,OMIM:618332,ORPHA:353281"
729920,CRPPA,"ORPHA:370980,OMIM:616052,OMIM:614643,ORPHA:899,ORPHA:352479"
1406,CRX,"ORPHA:65,ORPHA:1872,OMIM:120970,ORPHA:791,OMIM:268000,OMIM:613829"
79848,CSPP1,"OMIM:615636,ORPHA:475,ORPHA:564,ORPHA:397715"
1487,CTBP1,"ORPHA:280,OMIM:194190,OMIM:617915"
80169,CTC1,"OMIM:612199,ORPHA:1775"
10664,CTCF,"OMIM:615502,ORPHA:363611"
9150,CTDP1,"ORPHA:48431,OMIM:604168"
348180,CTU2,OMIM:618142
8450,CUL4B,"ORPHA:85293,OMIM:300354"
9820,CUL7,"ORPHA:2616,OMIM:273750"
10283,CWC27,"ORPHA:166035,OMIM:250410"
7852,CXCR4,"ORPHA:51636,OMIM:193670"
1528,CYB5A,"ORPHA:90796,ORPHA:621,OMIM:250790"
1583,CYP11A1,"ORPHA:289548,ORPHA:168558,OMIM:613743"
1584,CYP11B1,"OMIM:202010,ORPHA:403,ORPHA:90795,OMIM:103900"
1586,CYP17A1,"ORPHA:90793,ORPHA:90796,OMIM:202110"
1588,CYP19A1,"OMIM:139300,ORPHA:91,OMIM:613546"
1589,CYP21A2,OMIM:201910
51339,DACT1,"OMIM:617466,ORPHA:63260,ORPHA:857"
1605,DAG1,"OMIM:616538,ORPHA:370997,OMIM:613818,ORPHA:899,ORPHA:280333"
1617,DAZ1,"OMIM:415000,ORPHA:1646"
57055,DAZ2,"OMIM:415000,ORPHA:1646"
57054,DAZ3,"OMIM:415000,ORPHA:1646"
80067,DCAF17,"ORPHA:3464,OMIM:241080"
1630,DCC,"OMIM:133239,OMIM:114500,OMIM:157600,ORPHA:238722,OMIM:617542,ORPHA:478,ORPHA:2744"
8642,DCHS1,"OMIM:607829,OMIM:601390,ORPHA:314679"
1641,DCX,"OMIM:300067,ORPHA:2148"
1643,DDB2,"OMIM:278740,ORPHA:910"
8653,DDX3Y,"OMIM:415000,ORPHA:1646"
1656,DDX6,"OMIM:618653,ORPHA:528084"
9993,DGCR2,OMIM:192430
8214,DGCR6,OMIM:192430
54487,DGCR8,OMIM:192430
1718,DHCR24,"OMIM:602398,ORPHA:35107"
1717,DHCR7,"ORPHA:818,OMIM:270400"
79947,DHDDS,"ORPHA:442835,ORPHA:791,OMIM:613861,OMIM:617836"
50846,DHH,"ORPHA:242,OMIM:233420,ORPHA:168563,OMIM:607080"
1723,DHODH,"ORPHA:246,OMIM:263750"
57647,DHX37,"ORPHA:242,ORPHA:983,ORPHA:251510,OMIM:618731,OMIM:273250"
9785,DHX38,"OMIM:618220,ORPHA:791"
23405,DICER1,"OMIM:601200,OMIM:138800,ORPHA:276399,OMIM:180295,OMIM:618272"
129563,DIS3L2,"ORPHA:2849,ORPHA:654,OMIM:267000"
1736,DKC1,"OMIM:305000,ORPHA:3322,ORPHA:1775"
28514,DLL1,"ORPHA:178469,ORPHA:220386,ORPHA:93925,ORPHA:280195,ORPHA:93924,ORPHA:280200,ORPHA:93926,OMIM:618709"
10683,DLL3,"ORPHA:2311,OMIM:277300"
1748,DLX4,"OMIM:616788,ORPHA:199306"
1760,DMPK,"OMIM:160900,ORPHA:273"
23312,DMXL2,"ORPHA:1934,OMIM:617605,ORPHA:453533,OMIM:616113,OMIM:618663"
131118,DNAJC19,"ORPHA:66634,OMIM:610198"
134218,DNAJC21,"ORPHA:811,OMIM:617052,OMIM:260400"
84277,DNAJC30,"ORPHA:904,ORPHA:104,OMIM:619382"
1785,DNM2,"OMIM:160150,ORPHA:169189,OMIM:615368,OMIM:606482"
1788,DNMT3A,"ORPHA:404443,OMIM:618724,OMIM:615879,OMIM:601626,ORPHA:276621"
1795,DOCK3,"ORPHA:528084,OMIM:618292"
285489,DOK7,"OMIM:254300,ORPHA:994,ORPHA:98913,OMIM:618389"
1798,DPAGT1,"ORPHA:86309,OMIM:614750,ORPHA:353327,OMIM:608093"
5977,DPF2,"ORPHA:1465,OMIM:618027"
8813,DPM1,"OMIM:608799,ORPHA:79322"
8818,DPM2,"OMIM:615042,ORPHA:329178"
56896,DPYSL5,OMIM:619435
29940,DSE,"OMIM:615539,ORPHA:2953"
1848,DUSP6,"ORPHA:432,OMIM:146110,OMIM:615269,ORPHA:478"
1855,DVL1,"ORPHA:3107,OMIM:180700,OMIM:616331"
1857,DVL3,"OMIM:616894,ORPHA:3107"
79659,DYNC2H1,"OMIM:613091,ORPHA:474,ORPHA:93271"
55112,DYNC2I1,"OMIM:615503,ORPHA:474,ORPHA:93271"
89891,DYNC2I2,"OMIM:615633,ORPHA:474,ORPHA:93271"
51626,DYNC2LI1,"ORPHA:289,OMIM:617088,ORPHA:474"
1859,DYRK1A,"OMIM:614104,ORPHA:464311,ORPHA:268261"
253738,EBF3,OMIM:617330
10682,EBP,"OMIM:300960,ORPHA:401973,OMIM:302960,ORPHA:35173"
1889,ECE1,"OMIM:145500,ORPHA:388,OMIM:613870"
9427,ECEL1,OMIM:615065
80267,EDEM3,OMIM:619493
8726,EED,"ORPHA:3447,OMIM:617561"
30008,EFEMP2,"OMIM:614437,ORPHA:90349"
1947,EFNB1,"OMIM:304110,ORPHA:1520"
79813,EHMT1,"ORPHA:261652,OMIM:610253,ORPHA:96147"
1968,EIF2S3,"ORPHA:85282,OMIM:300148"
1984,EIF5A,OMIM:619376
2006,ELN,"ORPHA:91387,ORPHA:3193,ORPHA:90348,ORPHA:904,OMIM:194050,OMIM:123700,OMIM:185500"
10436,EMG1,"OMIM:211180,ORPHA:1270"
2033,EP300,"OMIM:613684,OMIM:114500,ORPHA:353284,OMIM:180849,OMIM:618333"
57724,EPG5,"OMIM:242840,ORPHA:1493"
2067,ERCC1,"ORPHA:1466,ORPHA:90322,OMIM:610758"
2068,ERCC2,"OMIM:601675,ORPHA:220295,ORPHA:1466,OMIM:610756,ORPHA:33364,OMIM:278730,ORPHA:910"
2071,ERCC3,"OMIM:616390,ORPHA:220295,ORPHA:33364,OMIM:610651,ORPHA:910"
2072,ERCC4,"OMIM:278760,ORPHA:220295,ORPHA:90321,OMIM:610965,ORPHA:84,OMIM:615272,ORPHA:910"
2073,ERCC5,"OMIM:616570,OMIM:278780,ORPHA:220295,ORPHA:1466,ORPHA:910"
2074,ERCC6,"ORPHA:90324,OMIM:600630,OMIM:133540,OMIM:214150,OMIM:211980,OMIM:616946,ORPHA:90321,ORPHA:1466,OMIM:278800,ORPHA:90322"
1161,ERCC8,"ORPHA:90324,ORPHA:90321,OMIM:216400,ORPHA:90322,OMIM:614621"
55780,ERMARD,"OMIM:615544,ORPHA:98892,ORPHA:75857"
157570,ESCO2,"OMIM:216100,ORPHA:3103,OMIM:268300"
2100,ESR2,OMIM:618187
8220,ESS2,OMIM:192430
2121,EVC,"OMIM:193530,ORPHA:952,OMIM:225500,ORPHA:289"
132884,EVC2,"OMIM:193530,ORPHA:952,OMIM:225500,ORPHA:289"
2130,EWSR1,"OMIM:612219,ORPHA:83469"
2132,EXT2,"ORPHA:321,OMIM:133701,ORPHA:466926,ORPHA:52022,OMIM:616682"
346007,EYS,"OMIM:602772,ORPHA:791"
2146,EZH2,"ORPHA:3447,OMIM:277590"
63901,FAM111A,"OMIM:127000,OMIM:602361,ORPHA:93325"
317662,FAM149B1,"ORPHA:2754,OMIM:618763"
84140,FAM161A,"OMIM:606068,ORPHA:791"
2175,FANCA,"OMIM:227650,ORPHA:84"
2187,FANCB,"OMIM:300514,OMIM:314390,ORPHA:3412,ORPHA:84"
2176,FANCC,"OMIM:227645,ORPHA:84"
2177,FANCD2,"OMIM:227646,ORPHA:84"
2178,FANCE,"ORPHA:84,OMIM:600901"
2188,FANCF,"OMIM:603467,ORPHA:84"
2189,FANCG,"OMIM:614082,ORPHA:84"
55215,FANCI,"ORPHA:84,OMIM:609053"
55120,FANCL,"OMIM:614083,ORPHA:84"
57697,FANCM,"OMIM:618086,ORPHA:399805,ORPHA:84,OMIM:618096"
10667,FARS2,"OMIM:617046,ORPHA:466722,OMIM:614946"
10056,FARSB,OMIM:613658
355,FAS,"ORPHA:117,ORPHA:3437,OMIM:601859,ORPHA:3261"
79633,FAT4,"OMIM:615546,ORPHA:314679,ORPHA:2136,OMIM:616006"
2192,FBLN1,"OMIM:608180,ORPHA:404451"
10516,FBLN5,"OMIM:219100,ORPHA:90349,OMIM:614434,ORPHA:90348,OMIM:608895"
2200,FBN1,"OMIM:616914,ORPHA:969,OMIM:184900,ORPHA:2833,OMIM:154700,ORPHA:2084,OMIM:129600,ORPHA:284979,ORPHA:91387,ORPHA:1885,OMIM:608328,OMIM:604308,ORPHA:2462,ORPHA:3449,OMIM:102370,OMIM:614185"
26235,FBXL4,OMIM:615471
23291,FBXW11,"ORPHA:528084,OMIM:618914"
2222,FDFT1,OMIM:618156
2232,FDXR,"OMIM:617717,ORPHA:543470"
55612,FERMT1,"ORPHA:2908,OMIM:173650"
389549,FEZF1,"OMIM:616030,OMIM:146110,ORPHA:478"
2245,FGD1,"OMIM:305400,ORPHA:915"
2255,FGF10,"ORPHA:2363,OMIM:149730,OMIM:180920"
8822,FGF17,"ORPHA:432,OMIM:615270,OMIM:146110,ORPHA:478"
2253,FGF8,"ORPHA:432,OMIM:612702,ORPHA:220386,ORPHA:93925,ORPHA:2162,ORPHA:478,ORPHA:280195,ORPHA:93924,ORPHA:280200,ORPHA:93926"
2260,FGFR1,"OMIM:613001,ORPHA:3366,ORPHA:2117,OMIM:615465,ORPHA:220386,ORPHA:93258,OMIM:101600,ORPHA:3157,ORPHA:280200,ORPHA:99798,ORPHA:432,OMIM:190440,OMIM:123150,ORPHA:2162,ORPHA:478,ORPHA:2396,ORPHA:93924,OMIM:147950,ORPHA:2645,OMIM:166250"
2263,FGFR2,"ORPHA:794,ORPHA:87,ORPHA:1555,OMIM:123500,OMIM:101400,ORPHA:93258,OMIM:613659,OMIM:207410,ORPHA:1540,OMIM:101600,ORPHA:168624,ORPHA:313855,OMIM:123790,ORPHA:2363,OMIM:609579,ORPHA:93260,OMIM:614592,OMIM:101200,OMIM:123150,ORPHA:207,ORPHA:93259,ORPHA:83,OMIM:149730"
2261,FGFR3,"ORPHA:93274,OMIM:146000,OMIM:187600,OMIM:612247,ORPHA:93262,OMIM:109800,ORPHA:53271,OMIM:610474,OMIM:187601,ORPHA:35099,OMIM:273300,OMIM:162900,ORPHA:794,ORPHA:35098,OMIM:616482,OMIM:100800,OMIM:603956,ORPHA:85165,ORPHA:85164,ORPHA:2363,OMIM:602849,OMIM:114500,ORPHA:1860,ORPHA:15,OMIM:149730,ORPHA:429"
53834,FGFRL1,OMIM:194190
9896,FIG4,"ORPHA:803,ORPHA:208441,ORPHA:3472,OMIM:216340,OMIM:611228,OMIM:612691,OMIM:612577"
79147,FKRP,"OMIM:607155,ORPHA:34515,OMIM:606612,ORPHA:370980,OMIM:613153,ORPHA:370959,ORPHA:899,ORPHA:370968,ORPHA:588,OMIM:236670"
2218,FKTN,"ORPHA:272,OMIM:611588,ORPHA:370980,OMIM:611615,ORPHA:154,ORPHA:899,OMIM:253800,ORPHA:588,OMIM:613152,OMIM:236670"
2313,FLI1,"ORPHA:2308,ORPHA:851,ORPHA:370348,OMIM:617443"
2316,FLNA,"OMIM:305620,ORPHA:98892,ORPHA:99811,OMIM:304120,ORPHA:90650,OMIM:311300,ORPHA:1826,ORPHA:2301,OMIM:300244,ORPHA:75497,OMIM:309350,OMIM:300048,OMIM:314400,OMIM:300321,ORPHA:90652,OMIM:300049,ORPHA:2484"
2317,FLNB,"ORPHA:56305,ORPHA:1190,OMIM:112310,ORPHA:1263,OMIM:108721,ORPHA:503,OMIM:150250,OMIM:272460,OMIM:108720"
23767,FLRT3,"OMIM:615271,ORPHA:478"
2324,FLT4,"OMIM:602089,ORPHA:79452,OMIM:153100,ORPHA:3303,OMIM:618780"
2332,FMR1,"ORPHA:93256,OMIM:300624,OMIM:300623,ORPHA:261483,ORPHA:908,OMIM:311360,ORPHA:449291"
2296,FOXC1,"ORPHA:782,OMIM:601631,ORPHA:708,ORPHA:250923,OMIM:602482"
2294,FOXF1,"OMIM:265380,ORPHA:210122"
80144,FRAS1,"ORPHA:2052,OMIM:219000"
341640,FREM2,"OMIM:617666,OMIM:123570,ORPHA:2052"
25794,FSCN2,"ORPHA:791,OMIM:607921"
2488,FSHB,"OMIM:229070,ORPHA:52901"
79068,FTO,OMIM:612938
80199,FUZ,"ORPHA:3027,OMIM:182940,ORPHA:1136"
8087,FXR1,"OMIM:618822,OMIM:618823"
2535,FZD2,"ORPHA:93328,OMIM:164745,ORPHA:3107"
92579,G6PC3,OMIM:612541
2563,GABRD,"ORPHA:36387,OMIM:613060,ORPHA:307,ORPHA:1606"
2571,GAD1,OMIM:619124
2592,GALT,"OMIM:230400,ORPHA:79239"
2623,GATA1,"OMIM:300367,ORPHA:231393,ORPHA:79277,ORPHA:124,OMIM:300835,OMIM:314050,ORPHA:67044,OMIM:190685"
2626,GATA4,"ORPHA:251071,ORPHA:99103,OMIM:614429,OMIM:187500,ORPHA:1330,OMIM:615542,OMIM:614430,ORPHA:251510,ORPHA:3303,OMIM:607941"
140628,GATA5,"ORPHA:402075,OMIM:617912,ORPHA:3303"
2627,GATA6,"OMIM:600001,ORPHA:99103,OMIM:187500,ORPHA:1330,OMIM:217095,ORPHA:2255,OMIM:614475,ORPHA:2140,OMIM:614474,ORPHA:3303"
57459,GATAD2B,"OMIM:615074,ORPHA:363686"
57704,GBA2,"ORPHA:352641,OMIM:614409,ORPHA:320391"
2657,GDF1,"ORPHA:860,OMIM:208530,OMIM:613854,ORPHA:3303"
392255,GDF6,"OMIM:613703,ORPHA:2345,ORPHA:65,OMIM:118100,OMIM:613094,OMIM:617898,OMIM:615360"
84340,GFM2,"OMIM:618397,ORPHA:565624"
2690,GHR,"OMIM:604271,ORPHA:314802,OMIM:262500,ORPHA:633,OMIM:143890"
2697,GJA1,"ORPHA:1010,OMIM:218400,ORPHA:1522,OMIM:617525,ORPHA:317,OMIM:104100,ORPHA:93404,OMIM:241550,ORPHA:2248,OMIM:257850,ORPHA:2710,OMIM:164200,OMIM:600309,OMIM:186100"
2702,GJA5,"OMIM:614049,OMIM:612474,OMIM:108770,ORPHA:3303"
2706,GJB2,"OMIM:304400,OMIM:148210,ORPHA:2698,OMIM:220290,ORPHA:494,OMIM:602540,ORPHA:2202,OMIM:149200,OMIM:124500,OMIM:148350,OMIM:601544,ORPHA:477"
2707,GJB3,"OMIM:220290,OMIM:612644,OMIM:133200,ORPHA:317"
127534,GJB4,"OMIM:617524,ORPHA:317"
10804,GJB6,"OMIM:304400,OMIM:612645,OMIM:220290,OMIM:612643,OMIM:129500,ORPHA:189,ORPHA:477"
57165,GJC2,"OMIM:608804,OMIM:613206,ORPHA:79452,OMIM:613480,ORPHA:320401"
2710,GK,OMIM:307030
2733,GLE1,"ORPHA:803,OMIM:611890,OMIM:253310,ORPHA:1486"
2735,GLI1,"OMIM:618123,ORPHA:289,OMIM:174400"
2736,GLI2,"OMIM:615849,OMIM:610829,ORPHA:95494,ORPHA:220386,ORPHA:93925,ORPHA:2162,ORPHA:280195,ORPHA:93924,ORPHA:280200,ORPHA:93926"
2737,GLI3,"ORPHA:93322,OMIM:174700,OMIM:146510,OMIM:175700,ORPHA:380,ORPHA:672,OMIM:174200,ORPHA:36"
51053,GMNN,"OMIM:616835,ORPHA:2554"
29925,GMPPB,"OMIM:615352,ORPHA:363623,ORPHA:370959,OMIM:615350,ORPHA:370968,ORPHA:588,ORPHA:353327,OMIM:615351"
2775,GNAO1,"ORPHA:1934,OMIM:615473,OMIM:617493"
2778,GNAS,"ORPHA:189427,ORPHA:94089,ORPHA:79445,OMIM:166350,OMIM:174800,ORPHA:57782,OMIM:612463,OMIM:219080,OMIM:612462,OMIM:103580,OMIM:603233,ORPHA:2762,ORPHA:79444,ORPHA:79443,ORPHA:562"
2796,GNRH1,"ORPHA:432,OMIM:146110,OMIM:614841"
2798,GNRHR,"ORPHA:432,OMIM:146110"
2812,GP1BB,"ORPHA:567,ORPHA:853,OMIM:231200,ORPHA:274"
2719,GPC3,"OMIM:312870,ORPHA:654,ORPHA:373,OMIM:194070"
2239,GPC4,"OMIM:312870,OMIM:301026,ORPHA:373,ORPHA:2662,OMIM:194070"
10082,GPC6,"OMIM:258315,ORPHA:93329"
83550,GPR101,"ORPHA:963,OMIM:300943,OMIM:300942"
2891,GRIA2,OMIM:618917
2892,GRIA3,"OMIM:300699,ORPHA:364028"
2893,GRIA4,"ORPHA:528084,OMIM:617864"
23426,GRIP1,"ORPHA:2052,OMIM:617667"
145258,GSC,OMIM:602471
2961,GTF2E2,"ORPHA:33364,OMIM:616943"
404672,GTF2H5,"ORPHA:33364,OMIM:616395"
2979,GUCA1B,"ORPHA:791,OMIM:613827"
283120,H19,"ORPHA:231140,ORPHA:2128,ORPHA:654,ORPHA:231144,OMIM:194070"
105259599,H19-ICR,"OMIM:180860,OMIM:194071,OMIM:130650"
3039,HBA1,"OMIM:617981,OMIM:604131,OMIM:617973,OMIM:613978,ORPHA:163596,ORPHA:98791,OMIM:140700"
3040,HBA2,"OMIM:617981,OMIM:604131,OMIM:613978,ORPHA:163596,ORPHA:98791,OMIM:140700"
3052,HCCS,"ORPHA:2556,OMIM:309801"
55869,HDAC8,"ORPHA:3459,OMIM:300882,ORPHA:199"
8925,HERC1,"ORPHA:457359,OMIM:617011"
8924,HERC2,"OMIM:176270,OMIM:615516"
84667,HES7,"ORPHA:2311,OMIM:613686"
8820,HESX1,"OMIM:182230,ORPHA:95494,ORPHA:226307,ORPHA:478,ORPHA:95496,ORPHA:3157"
3077,HFE,"OMIM:104300,OMIM:235200,ORPHA:586,ORPHA:465508,OMIM:176100,OMIM:176200"
138050,HGSNAT,"ORPHA:791,OMIM:616544,OMIM:252930"
55733,HHAT,"OMIM:600092,ORPHA:1422"
26275,HIBCH,"ORPHA:88639,OMIM:250620"
3106,HLA-B,"ORPHA:117,ORPHA:36426,ORPHA:3287,OMIM:106300,ORPHA:397"
8091,HMGA2,"ORPHA:397590,ORPHA:99971,OMIM:618908,ORPHA:94063"
6928,HNF1B,"OMIM:144700,OMIM:137920,ORPHA:261265,OMIM:125853,ORPHA:1309,ORPHA:93111"
3190,HNRNPK,"OMIM:616580,ORPHA:453504,ORPHA:352665"
3209,HOXA13,"ORPHA:2438,OMIM:176305,OMIM:140000"
3239,HOXD13,"ORPHA:93406,OMIM:610713,ORPHA:887,OMIM:113300,ORPHA:93409,OMIM:186000,OMIM:113200,ORPHA:93387,OMIM:186300"
3251,HPRT1,"ORPHA:79233,ORPHA:510,OMIM:300322,OMIM:300323"
60495,HPSE2,"ORPHA:2704,OMIM:236730"
3265,HRAS,"OMIM:137550,OMIM:162900,OMIM:109800,OMIM:218040,ORPHA:2612,ORPHA:3071,OMIM:188470,OMIM:163200"
9653,HS2ST1,OMIM:619194
9394,HS6ST1,"ORPHA:432,OMIM:614880,ORPHA:478"
3293,HSD17B3,"ORPHA:752,OMIM:264300"
3284,HSD3B2,"ORPHA:90791,OMIM:201810"
3339,HSPG2,"OMIM:224410,OMIM:255800,ORPHA:1865,ORPHA:800,ORPHA:1606"
3064,HTT,"OMIM:617435,ORPHA:248111,ORPHA:528084,OMIM:143100,ORPHA:399"
10075,HUWE1,"OMIM:309590,ORPHA:528084"
219844,HYLS1,"ORPHA:475,ORPHA:2189,OMIM:236680"
57061,HYMAI,"ORPHA:96191,OMIM:601410,ORPHA:99886"
3419,IDH3A,"ORPHA:791,OMIM:619007"
3420,IDH3B,"OMIM:612572,ORPHA:791"
51124,IER3IP1,OMIM:614231
64135,IFIH1,"OMIM:615846,ORPHA:51,OMIM:182250"
9742,IFT140,"ORPHA:65,OMIM:266920,ORPHA:791,OMIM:617781,ORPHA:474"
26160,IFT172,"OMIM:616394,OMIM:615630,ORPHA:110,ORPHA:791,ORPHA:474"
11020,IFT27,"ORPHA:110,OMIM:615996"
80173,IFT74,"ORPHA:110,OMIM:617119"
57560,IFT80,"OMIM:611263,ORPHA:474,ORPHA:93271"
28981,IFT81,OMIM:617895
3476,IGBP1,"OMIM:300472,ORPHA:52055"
3481,IGF2,"ORPHA:397590,ORPHA:231140,OMIM:180860,OMIM:616489,ORPHA:2128,OMIM:130650,ORPHA:231144,OMIM:194070"
10320,IKZF1,"ORPHA:36426,OMIM:616873"
3586,IL10,"ORPHA:117,OMIM:180300"
54756,IL17RD,"OMIM:615267,ORPHA:478"
11141,IL1RAPL1,"OMIM:300143,ORPHA:777"
149233,IL23R,ORPHA:117
3614,IMPDH1,"ORPHA:65,OMIM:180105,OMIM:613837,ORPHA:791"
50939,IMPG2,"ORPHA:99000,ORPHA:791,OMIM:613581,OMIM:616152"
56623,INPP5E,"ORPHA:1454,ORPHA:475,OMIM:610156,ORPHA:75858,ORPHA:220493,OMIM:213300"
51763,INPP5K,"OMIM:617404,ORPHA:559"
3636,INPPL1,"OMIM:258480,ORPHA:2746,ORPHA:3144"
3640,INSL3,OMIM:219050
3643,INSR,"ORPHA:508,ORPHA:769,ORPHA:263458,OMIM:262190,ORPHA:2297,OMIM:246200,OMIM:609968"
27152,INTU,"OMIM:617925,OMIM:617926"
3653,IPW,OMIM:176270
3664,IRF6,"OMIM:119500,ORPHA:1300,ORPHA:888,OMIM:608864,ORPHA:141291,ORPHA:199302,ORPHA:199306,OMIM:119300,ORPHA:99798"
10265,IRX5,OMIM:611174
3655,ITGA6,"OMIM:226730,ORPHA:79403"
3691,ITGB4,"OMIM:226730,ORPHA:1114,ORPHA:158684,ORPHA:251393,OMIM:131800,ORPHA:79403,OMIM:226650,ORPHA:79402"
182,JAG1,"OMIM:187500,OMIM:617992,OMIM:118450,ORPHA:3303"
83700,JAM3,OMIM:613730
284058,KANSL1,"OMIM:610443,ORPHA:363958,ORPHA:363965"
3735,KARS1,"OMIM:613916,OMIM:619196,OMIM:613641,OMIM:619147"
10524,KAT5,OMIM:619103
7994,KAT6A,"OMIM:616268,ORPHA:457193"
23522,KAT6B,"OMIM:603736,ORPHA:85201,ORPHA:3047,OMIM:606170"
84148,KAT8,"ORPHA:528084,OMIM:618974"
23247,KATNIP,"OMIM:616784,ORPHA:475"
3736,KCNA1,"ORPHA:1934,ORPHA:37612,ORPHA:98809,ORPHA:972,OMIM:160120"
3756,KCNH1,"ORPHA:3473,OMIM:611816,ORPHA:420561,OMIM:135500"
3763,KCNJ6,"ORPHA:435628,OMIM:614098"
3778,KCNMA1,"OMIM:617643,OMIM:618596,ORPHA:528084,OMIM:609446,ORPHA:79137,OMIM:618729"
3782,KCNN3,"ORPHA:3473,OMIM:618658"
3784,KCNQ1,"ORPHA:51083,ORPHA:90647,ORPHA:101016,OMIM:130650,OMIM:192500,OMIM:609621,OMIM:607554,OMIM:220400"
10984,KCNQ1OT1,"ORPHA:2128,OMIM:130650"
23028,KDM1A,"OMIM:616728,ORPHA:477993"
51780,KDM3B,OMIM:618846
23030,KDM4B,"ORPHA:528084,OMIM:619320"
10765,KDM5B,"ORPHA:88616,OMIM:618109,ORPHA:178469"
8242,KDM5C,"ORPHA:85279,OMIM:300534"
7403,KDM6A,"OMIM:147920,OMIM:300867,ORPHA:2322"
23135,KDM6B,OMIM:618505
2531,KDSR,"ORPHA:316,OMIM:617526,ORPHA:317"
9786,KIAA0586,"OMIM:616490,ORPHA:475,ORPHA:397715,OMIM:616546"
9851,KIAA0753,"ORPHA:2754,OMIM:617127,OMIM:619479"
84162,KIAA1109,OMIM:617822
57670,KIAA1549,"ORPHA:791,OMIM:618613"
374654,KIF7,"ORPHA:2754,ORPHA:2189,OMIM:200990,OMIM:607131,OMIM:614120,ORPHA:166024,ORPHA:36"
26128,KIFBP,"ORPHA:66629,OMIM:609460"
3814,KISS1,"ORPHA:432,OMIM:614842"
84634,KISS1R,"ORPHA:432,OMIM:176400,OMIM:614837"
55857,KIZ,"OMIM:615780,ORPHA:791"
317719,KLHL10,"ORPHA:399805,OMIM:615081"
80311,KLHL15,OMIM:300982
131377,KLHL40,"OMIM:615348,ORPHA:171430"
10324,KLHL41,"ORPHA:171439,ORPHA:171433,ORPHA:171430,ORPHA:171436,OMIM:615731"
55975,KLHL7,"OMIM:617055,OMIM:612943,ORPHA:791"
100144748,KLLN,"ORPHA:201,OMIM:615107"
8085,KMT2D,"OMIM:147920,ORPHA:2322"
55904,KMT2E,"ORPHA:528084,OMIM:618512"
51111,KMT5B,OMIM:617788
3845,KRAS,"ORPHA:1340,OMIM:137215,ORPHA:1333,ORPHA:648,ORPHA:3339,OMIM:609942,OMIM:260350,OMIM:614470,ORPHA:2612,OMIM:600268,OMIM:108010,OMIM:615278,ORPHA:144,OMIM:109800,OMIM:114480,OMIM:211980,OMIM:601626,ORPHA:2396,OMIM:163200"
3852,KRT5,"ORPHA:158681,OMIM:601001,ORPHA:79145,OMIM:131960,OMIM:131900,OMIM:131760,ORPHA:79397,OMIM:131800,OMIM:179850,ORPHA:79400,ORPHA:79399,ORPHA:79396"
3909,LAMA3,"OMIM:245660,OMIM:226700,OMIM:226650,ORPHA:79404,ORPHA:79402"
3914,LAMB3,"OMIM:226700,OMIM:104530,OMIM:226650,ORPHA:79404,ORPHA:79402"
3918,LAMC2,"OMIM:226700,OMIM:226650,ORPHA:79404,ORPHA:79402"
9215,LARGE1,"OMIM:608840,OMIM:613154,ORPHA:899,ORPHA:370968,ORPHA:588,OMIM:236670"
81887,LAS1L,"ORPHA:3459,OMIM:309585"
3952,LEP,"ORPHA:66628,OMIM:614962"
3953,LEPR,"OMIM:614963,ORPHA:179494"
3954,LETM1,"ORPHA:280,OMIM:194190"
3955,LFNG,"ORPHA:2311,OMIM:609813"
3972,LHB,OMIM:228300
3973,LHCGR,"OMIM:176410,ORPHA:3000,OMIM:238320"
89884,LHX4,"OMIM:262700,ORPHA:95494,ORPHA:226307,ORPHA:95496"
3981,LIG4,"ORPHA:235,OMIM:606593,OMIM:254500,ORPHA:39041,ORPHA:99812"
3991,LIPE,"ORPHA:435660,OMIM:615980"
64327,LMBR1,"ORPHA:93321,OMIM:188740,OMIM:200500,OMIM:174500,OMIM:135750,ORPHA:931,ORPHA:3332,ORPHA:2378,OMIM:186200,ORPHA:93405"
4000,LMNA,"ORPHA:157973,ORPHA:280365,OMIM:212112,OMIM:151660,ORPHA:154,OMIM:616516,ORPHA:98853,ORPHA:363618,OMIM:613205,ORPHA:79474,OMIM:275210,OMIM:115200,OMIM:248370,OMIM:176670,ORPHA:1662,ORPHA:79084,ORPHA:168796,ORPHA:740,OMIM:610140,ORPHA:98855,ORPHA:2348,OMIM:181350,ORPHA:90153,ORPHA:300751,OMIM:605588,ORPHA:2229"
84823,LMNB2,"OMIM:608709,ORPHA:79087,OMIM:616540,OMIM:619180"
25802,LMOD1,"OMIM:619362,ORPHA:2241"
56203,LMOD3,"OMIM:616165,ORPHA:171430,ORPHA:171436"
4010,LMX1B,"ORPHA:2614,ORPHA:2613,OMIM:161200,ORPHA:495818,OMIM:256020"
9361,LONP1,"ORPHA:79243,OMIM:600373,ORPHA:1458"
9227,LRAT,"ORPHA:65,ORPHA:791,OMIM:613341,OMIM:268000,ORPHA:364055"
9860,LRIG2,"OMIM:615112,ORPHA:2704"
4047,LSS,"ORPHA:55654,OMIM:616509,OMIM:618275,ORPHA:2850,OMIM:618840"
54585,LZTFL1,"ORPHA:110,OMIM:615994"
8216,LZTR1,"OMIM:615670,OMIM:616564,ORPHA:648,OMIM:605275"
4081,MAB21L1,OMIM:618479
10586,MAB21L2,OMIM:615877
10459,MAD2L2,"OMIM:617243,ORPHA:84"
8567,MADD,"ORPHA:528084,OMIM:619005,OMIM:619004"
4094,MAF,"OMIM:610202,OMIM:601088,ORPHA:1272,ORPHA:1377"
54551,MAGEL2,"OMIM:615547,ORPHA:98754,ORPHA:398069,OMIM:176270,ORPHA:177901,ORPHA:177910,ORPHA:177904"
4117,MAK,"ORPHA:791,OMIM:614181"
10046,MAMLD1,"OMIM:300758,ORPHA:456328,ORPHA:95706"
5604,MAP2K1,"OMIM:155950,ORPHA:1340,OMIM:615279,OMIM:163950"
5605,MAP2K2,"ORPHA:1340,ORPHA:638,OMIM:615280"
4214,MAP3K1,"ORPHA:242,ORPHA:251510,OMIM:613762"
6885,MAP3K7,"ORPHA:3238,OMIM:157800,OMIM:617137,ORPHA:1826"
5594,MAPK1,"ORPHA:261330,OMIM:619087"
23162,MAPK8IP3,"ORPHA:528084,OMIM:618443"
10982,MAPRE2,"OMIM:616734,ORPHA:2505"
5648,MASP1,"OMIM:257920,ORPHA:293843"
55777,MBD5,"ORPHA:228402,ORPHA:178469,OMIM:156200"
51360,MBTPS2,"ORPHA:659,ORPHA:2273,OMIM:308205,OMIM:308800,OMIM:300918,OMIM:301014,ORPHA:666,ORPHA:85284"
4158,MC2R,"ORPHA:361,OMIM:202200"
4174,MCM5,OMIM:617564
84515,MCM8,OMIM:612885
4193,MDM2,"ORPHA:524,ORPHA:99971,OMIM:618681"
2122,MECOM,"ORPHA:71289,OMIM:616738"
4204,MECP2,"ORPHA:3095,ORPHA:1762,OMIM:300260,ORPHA:778,ORPHA:777,OMIM:300496,OMIM:312750,OMIM:300055,OMIM:300673,ORPHA:3077"
9968,MED12,"OMIM:305450,ORPHA:776,ORPHA:777,ORPHA:93932,ORPHA:293707,OMIM:300895,OMIM:309520"
116931,MED12L,"OMIM:618872,ORPHA:178469"
9969,MED13,"ORPHA:528084,OMIM:618009"
23389,MED13L,"ORPHA:860,OMIM:616789,ORPHA:369891"
81857,MED25,"OMIM:616449,ORPHA:88616,ORPHA:464738,OMIM:605589"
4210,MEFV,"ORPHA:117,OMIM:134610,OMIM:608068,ORPHA:329967,ORPHA:342,OMIM:249100,ORPHA:3243"
1954,MEGF8,"ORPHA:65759,OMIM:614976"
254528,MEIOB,"ORPHA:399805,OMIM:617706"
10461,MERTK,"OMIM:613862,ORPHA:791"
145873,MESP2,"ORPHA:2311,OMIM:608681,OMIM:277300"
4281,MID1,OMIM:300000
9562,MINPP1,"ORPHA:284339,ORPHA:319487,OMIM:188470"
8195,MKKS,"ORPHA:110,OMIM:236700,ORPHA:2473,OMIM:605231"
7681,MKRN3,"OMIM:615346,OMIM:176270"
10108,MKRN3-AS1,OMIM:176270
54903,MKS1,"OMIM:615990,OMIM:249000,ORPHA:475,ORPHA:564,ORPHA:110,ORPHA:220493,OMIM:617121"
51085,MLXIPL,"ORPHA:904,OMIM:194050"
4312,MMP1,"OMIM:226600,ORPHA:79408,OMIM:606963"
3110,MNX1,"ORPHA:1552,OMIM:176450"
7841,MOGS,"ORPHA:79330,OMIM:606056"
136647,MPLKIP,"OMIM:234050,ORPHA:33364"
56246,MRAP,"OMIM:607398,ORPHA:361"
22808,MRAS,"ORPHA:648,OMIM:618499"
28957,MRPS28,OMIM:618958
4534,MTM1,"OMIM:310400,ORPHA:456328,ORPHA:596"
64419,MTMR14,"OMIM:160150,ORPHA:169189"
2475,MTOR,"ORPHA:457485,OMIM:616638,OMIM:607341"
4593,MUSK,"OMIM:616325,OMIM:208150,ORPHA:994,ORPHA:98913"
4629,MYH11,"ORPHA:229,ORPHA:91387,OMIM:132900,OMIM:619351,ORPHA:2241,OMIM:619350"
4621,MYH3,"OMIM:178110,ORPHA:1147,OMIM:193700,OMIM:618436,ORPHA:2053,ORPHA:2990,ORPHA:1146,OMIM:618469"
4638,MYLK,"OMIM:249210,ORPHA:91387,OMIM:613780,ORPHA:2241"
29895,MYLPF,OMIM:619110
389827,MYMK,"OMIM:254940,ORPHA:1358"
4654,MYOD1,"OMIM:618975,ORPHA:994"
745,MYRF,"OMIM:618113,OMIM:618280"
23040,MYT1L,"ORPHA:528084,OMIM:616521,ORPHA:178469"
8260,NAA10,"ORPHA:568,OMIM:309800,OMIM:300855,ORPHA:276432"
259232,NALCN,"ORPHA:1147,OMIM:616266,OMIM:615419,ORPHA:2053,ORPHA:1146,ORPHA:371364"
340719,NANOS1,"ORPHA:399808,OMIM:615413,ORPHA:399805"
653361,NCF1,"OMIM:233700,ORPHA:904,ORPHA:379"
4692,NDN,"ORPHA:98754,OMIM:176270,ORPHA:177901,ORPHA:177910,ORPHA:177904"
79625,NDNF,"OMIM:618841,ORPHA:478"
4693,NDP,"ORPHA:649,OMIM:310600,ORPHA:891,OMIM:305390,ORPHA:190,ORPHA:90050"
4702,NDUFA8,OMIM:619272
54539,NDUFB11,"OMIM:301021,ORPHA:2556,OMIM:300952,ORPHA:2609,OMIM:309801"
4724,NDUFS4,"OMIM:252010,ORPHA:2609,ORPHA:255241"
4703,NEB,"ORPHA:399103,ORPHA:171439,ORPHA:171433,ORPHA:171430,ORPHA:171436,OMIM:256030,OMIM:619334"
5818,NECTIN1,"ORPHA:3253,OMIM:225060,ORPHA:141291,ORPHA:199302,ORPHA:199306"
23327,NEDD4L,"ORPHA:98892,OMIM:617201"
4750,NEK1,"OMIM:617892,ORPHA:803,ORPHA:2751,OMIM:263520"
4751,NEK2,"OMIM:615565,ORPHA:791"
4761,NEUROD2,"ORPHA:1934,OMIM:618374"
340533,NEXMIF,"ORPHA:1942,OMIM:300912,ORPHA:85277"
4763,NF1,"OMIM:162210,ORPHA:363700,OMIM:162200,OMIM:601321,ORPHA:29072,OMIM:193520,ORPHA:638,ORPHA:139474,ORPHA:97685,OMIM:607785"
4781,NFIB,OMIM:618286
4784,NFIX,"ORPHA:561,OMIM:602535,ORPHA:447980,OMIM:614753,ORPHA:420179"
55651,NHP2,"ORPHA:1775,OMIM:613987,OMIM:224230"
25836,NIPBL,"OMIM:122470,ORPHA:199"
79576,NKAP,OMIM:301039
7080,NKX2-1,"ORPHA:1429,OMIM:610978,ORPHA:95713,OMIM:188550,OMIM:118700,ORPHA:209905"
1482,NKX2-5,"OMIM:614435,ORPHA:99103,OMIM:217095,ORPHA:402075,OMIM:614432,ORPHA:871,ORPHA:3303,ORPHA:2248,OMIM:187500,ORPHA:95713,ORPHA:1479,OMIM:225250,ORPHA:95712,OMIM:108900"
137814,NKX2-6,"OMIM:217095,ORPHA:3303,ORPHA:3384"
23530,NNT,"OMIM:614736,ORPHA:361"
4838,NODAL,"ORPHA:220386,ORPHA:93925,ORPHA:280195,ORPHA:93924,ORPHA:280200,ORPHA:93926,OMIM:270100"
4841,NONO,"ORPHA:466791,OMIM:300967"
55505,NOP10,"ORPHA:1775,OMIM:224230"
4853,NOTCH2,"OMIM:102500,OMIM:610205,ORPHA:955"
4854,NOTCH3,"OMIM:125310,OMIM:615293,ORPHA:2591,ORPHA:136,ORPHA:2789,OMIM:130720"
23742,NPAP1,OMIM:176270
4867,NPHP1,"ORPHA:110,OMIM:266900,OMIM:256100,ORPHA:3156,OMIM:609583,ORPHA:220497"
4869,NPM1,"ORPHA:520,ORPHA:1775,OMIM:601626"
190,NR0B1,"OMIM:300018,ORPHA:242,OMIM:300200,ORPHA:251510,ORPHA:393"
10002,NR2E3,"OMIM:268100,OMIM:611131,ORPHA:791"
7026,NR2F2,"ORPHA:1330,OMIM:618901,OMIM:615779"
2908,NR3C1,"ORPHA:786,OMIM:615962"
2516,NR5A1,"ORPHA:242,OMIM:612965,OMIM:617480,OMIM:612964,ORPHA:399805,ORPHA:243,ORPHA:2138,ORPHA:251510,OMIM:613957,ORPHA:393"
4893,NRAS,"OMIM:137550,OMIM:162900,OMIM:114500,OMIM:249400,ORPHA:648,OMIM:613224,OMIM:614470,ORPHA:2612,ORPHA:626,OMIM:188470,OMIM:163200"
4901,NRL,"OMIM:613750,ORPHA:791"
64324,NSD1,"ORPHA:3447,ORPHA:228415,ORPHA:821,OMIM:117550"
7468,NSD2,"ORPHA:280,OMIM:194190"
26012,NSMF,"ORPHA:432,OMIM:614838"
54888,NSUN2,"ORPHA:235,ORPHA:88616,OMIM:611091"
84628,NTNG2,"ORPHA:528084,OMIM:618718"
4927,NUP88,"ORPHA:994,OMIM:618393"
64359,NXN,"ORPHA:1507,OMIM:618529"
23363,OBSL1,"OMIM:612921,ORPHA:2616"
4948,OCA2,"ORPHA:98754,OMIM:203200,ORPHA:177901,ORPHA:177904,ORPHA:98794,ORPHA:79432"
4952,OCRL,"OMIM:309000,ORPHA:534,OMIM:300555"
4953,ODC1,"ORPHA:544488,OMIM:619075"
8481,OFD1,"ORPHA:2754,OMIM:300209,ORPHA:2750,ORPHA:791,ORPHA:244,OMIM:311200,OMIM:300424,OMIM:300804"
8473,OGT,OMIM:300997
4983,OPHN1,"OMIM:300486,ORPHA:137831"
4998,ORC1,"OMIM:224690,ORPHA:2554"
5000,ORC4,"OMIM:613800,ORPHA:2554"
23594,ORC6,"OMIM:613803,ORPHA:2554"
55593,OTUD5,OMIM:301056
51633,OTUD6B,"OMIM:617452,ORPHA:505237"
5015,OTX2,"OMIM:613986,ORPHA:95494,ORPHA:990,ORPHA:3157,OMIM:610125"
55690,PACS1,"ORPHA:329224,OMIM:615009"
23241,PACS2,OMIM:618067
5048,PAFAH1B1,"OMIM:607432,ORPHA:95232,ORPHA:531,ORPHA:217385"
79728,PALB2,"OMIM:114480,OMIM:610832,ORPHA:1333,ORPHA:84,ORPHA:145"
5073,PARN,"OMIM:616353,ORPHA:2032,ORPHA:3322,ORPHA:1775,OMIM:616371"
5080,PAX6,"OMIM:120430,OMIM:604229,ORPHA:35737,ORPHA:893,OMIM:136520,OMIM:165550,OMIM:148190,ORPHA:2334,ORPHA:708,ORPHA:250923,OMIM:120200,OMIM:106210,OMIM:194072,ORPHA:2253,ORPHA:1065,ORPHA:137902"
5081,PAX7,"OMIM:618578,OMIM:268220"
5087,PBX1,OMIM:617641
388939,PCARE,"OMIM:613428,ORPHA:791"
5116,PCNT,"ORPHA:2637,OMIM:210720,ORPHA:808"
5144,PDE4D,"ORPHA:280651,OMIM:614613,ORPHA:439822,ORPHA:950"
5145,PDE6A,"OMIM:613810,ORPHA:791"
5158,PDE6B,"OMIM:163500,ORPHA:215,ORPHA:791,OMIM:613801"
5147,PDE6D,"ORPHA:2754,OMIM:615665"
5148,PDE6G,"ORPHA:791,OMIM:268000,OMIM:613582"
5189,PEX1,"ORPHA:44,OMIM:601539,OMIM:234580,OMIM:214100,ORPHA:3220,ORPHA:772,ORPHA:912"
5192,PEX10,"ORPHA:247815,ORPHA:44,ORPHA:772,ORPHA:912,OMIM:614870,OMIM:614871"
8799,PEX11B,"ORPHA:44,ORPHA:772,ORPHA:912,OMIM:614920"
5193,PEX12,"ORPHA:44,OMIM:266510,ORPHA:772,ORPHA:912,OMIM:614859"
5194,PEX13,"ORPHA:44,OMIM:614883,ORPHA:772,OMIM:614885,ORPHA:912"
5195,PEX14,"OMIM:614887,ORPHA:44,ORPHA:772,ORPHA:912"
9409,PEX16,"ORPHA:44,OMIM:614876,OMIM:614877,ORPHA:772,ORPHA:912"
5824,PEX19,"ORPHA:44,ORPHA:772,ORPHA:912,OMIM:614886"
5828,PEX2,"ORPHA:44,OMIM:614866,ORPHA:772,ORPHA:912,OMIM:614867"
55670,PEX26,"ORPHA:44,OMIM:614872,ORPHA:772,ORPHA:912,OMIM:614873"
8504,PEX3,"ORPHA:44,ORPHA:772,ORPHA:912,OMIM:614882,OMIM:617370"
5830,PEX5,"ORPHA:44,OMIM:616716,OMIM:202370,ORPHA:772,ORPHA:912,OMIM:214110"
5190,PEX6,"ORPHA:44,ORPHA:95433,OMIM:614862,ORPHA:3220,OMIM:616617,ORPHA:772,ORPHA:912,OMIM:614863"
221692,PHACTR1,"OMIM:618298,ORPHA:3451"
51317,PHF21A,"OMIM:618725,ORPHA:52022"
84295,PHF6,"ORPHA:127,OMIM:301900"
23133,PHF8,"ORPHA:85287,OMIM:300263"
26227,PHGDH,"ORPHA:2671,ORPHA:79351,OMIM:256520,OMIM:601815"
55023,PHIP,OMIM:617991
9780,PIEZO1,"OMIM:616843,ORPHA:3202,OMIM:194380"
63895,PIEZO2,"OMIM:114300,OMIM:248700,OMIM:617146,ORPHA:1154,ORPHA:2461,OMIM:108145,ORPHA:376"
5277,PIGA,"OMIM:300818,ORPHA:3451,ORPHA:447,OMIM:300868"
54872,PIGG,"ORPHA:488635,ORPHA:280,OMIM:616917"
23556,PIGN,"OMIM:614080,ORPHA:280633,ORPHA:2059"
51227,PIGP,"OMIM:617599,ORPHA:1934"
9091,PIGQ,"ORPHA:1934,OMIM:618548"
94005,PIGS,OMIM:618143
5286,PIK3C2A,"OMIM:618440,ORPHA:557003"
5290,PIK3CA,"ORPHA:60040,ORPHA:201,OMIM:155500,OMIM:162900,ORPHA:276280,ORPHA:99802,ORPHA:2495,OMIM:613659,OMIM:114550,OMIM:615108,OMIM:613089,OMIM:167000,ORPHA:144,OMIM:114500,OMIM:114480,OMIM:211980,OMIM:612918,OMIM:602501,OMIM:182000"
5308,PITX2,"ORPHA:782,ORPHA:708,OMIM:180550,OMIM:180500,OMIM:137600"
5317,PKP1,"OMIM:604536,ORPHA:158668"
5324,PLAG1,"ORPHA:397590,OMIM:181030,OMIM:618907"
5337,PLD1,OMIM:212093
5339,PLEC,"ORPHA:254361,OMIM:226730,ORPHA:1114,OMIM:616487,ORPHA:158684,OMIM:613723,OMIM:131950,ORPHA:79401,OMIM:612138,ORPHA:257,OMIM:226670"
83483,PLVAP,OMIM:618183
5373,PMM2,"OMIM:212065,ORPHA:79318"
11284,PNKP,"OMIM:613402,ORPHA:1934,OMIM:605589,OMIM:616267,ORPHA:459033"
10908,PNPLA6,"ORPHA:1180,OMIM:275400,OMIM:612020,ORPHA:139480,ORPHA:1173,ORPHA:2377,OMIM:245800,OMIM:215470"
25886,POC1A,OMIM:614813
23509,POFUT1,"ORPHA:79145,OMIM:615327"
56983,POGLUT1,"ORPHA:79145,OMIM:615696,OMIM:617232"
5422,POLA1,"OMIM:301220,ORPHA:163976,OMIM:301030"
5424,POLD1,"ORPHA:447877,OMIM:612591,OMIM:615381"
5426,POLE,"OMIM:618336,OMIM:615139,OMIM:615083,ORPHA:447877,ORPHA:85173"
5428,POLG,"ORPHA:254892,OMIM:157640,OMIM:603041,OMIM:258450,ORPHA:298,OMIM:613662,OMIM:607459,ORPHA:726,ORPHA:70595,OMIM:203700,ORPHA:94125,ORPHA:254886"
84172,POLR1B,"OMIM:618939,ORPHA:861"
9533,POLR1C,"ORPHA:88637,OMIM:248390,OMIM:616494,ORPHA:861"
51082,POLR1D,"OMIM:613717,ORPHA:861"
11128,POLR3A,"ORPHA:3455,ORPHA:88637,OMIM:607694,ORPHA:447896,OMIM:264090"
51728,POLR3K,OMIM:619310
55624,POMGNT1,"OMIM:613157,OMIM:617123,OMIM:253280,OMIM:613151,ORPHA:791,ORPHA:370959,ORPHA:899,ORPHA:588"
84892,POMGNT2,"OMIM:618135,ORPHA:899,OMIM:614830"
84197,POMK,"ORPHA:370959,ORPHA:899,OMIM:615249,OMIM:616094"
10585,POMT1,"ORPHA:86812,ORPHA:370980,OMIM:613155,ORPHA:370959,ORPHA:899,ORPHA:370968,OMIM:609308,ORPHA:588,OMIM:236670"
29954,POMT2,"OMIM:613158,ORPHA:370959,ORPHA:899,OMIM:613156,ORPHA:370968,ORPHA:588,ORPHA:206559,OMIM:613150,OMIM:236670"
5447,POR,"ORPHA:95699,OMIM:613571,OMIM:201750,OMIM:207410,ORPHA:83"
64840,PORCN,"OMIM:305600,ORPHA:2092"
5449,POU1F1,"ORPHA:95494,ORPHA:226307,OMIM:613038"
5455,POU3F3,OMIM:618604
5468,PPARG,"OMIM:601665,OMIM:604367,ORPHA:79083,ORPHA:528,OMIM:125853"
5500,PPP1CB,"OMIM:617506,ORPHA:2701"
4659,PPP1R12A,OMIM:618820
84919,PPP1R15B,"OMIM:616817,ORPHA:391408"
10084,PQBP1,"ORPHA:93945,ORPHA:93947,OMIM:309500,ORPHA:93946,ORPHA:93950"
768206,PRCD,"ORPHA:791,OMIM:610599"
63976,PRDM16,"OMIM:615373,ORPHA:154,ORPHA:1606"
5573,PRKAR1A,"ORPHA:280651,ORPHA:520,OMIM:101800,ORPHA:1359,OMIM:255960,OMIM:160980,ORPHA:189439,ORPHA:615,ORPHA:950,OMIM:610489"
5591,PRKDC,OMIM:615966
54496,PRMT7,"OMIM:617157,ORPHA:464288"
60675,PROK2,"ORPHA:432,OMIM:610628,ORPHA:478"
128674,PROKR2,"ORPHA:432,ORPHA:478,ORPHA:95496,OMIM:244200,ORPHA:3157"
8842,PROM1,"OMIM:603786,OMIM:608051,ORPHA:827,OMIM:612095,ORPHA:1872,OMIM:612657,ORPHA:791"
5626,PROP1,"OMIM:262600,ORPHA:95494,ORPHA:226307,ORPHA:90695"
9129,PRPF3,"ORPHA:791,OMIM:601414"
26121,PRPF31,"OMIM:600138,ORPHA:791"
9128,PRPF4,"OMIM:615922,ORPHA:791"
24148,PRPF6,"ORPHA:791,OMIM:613983"
10594,PRPF8,"OMIM:600059,ORPHA:791"
5961,PRPH2,"ORPHA:52427,OMIM:613105,ORPHA:827,OMIM:136880,ORPHA:99000,ORPHA:1872,ORPHA:75377,ORPHA:791,OMIM:608161,OMIM:608133,OMIM:169150"
5396,PRRX1,"ORPHA:990,OMIM:202650"
29968,PSAT1,"ORPHA:2671,OMIM:610992,OMIM:616038,ORPHA:284417"
55851,PSENEN,"ORPHA:79145,OMIM:613736"
5718,PSMD12,"ORPHA:528084,ORPHA:529962,OMIM:617516"
5723,PSPH,"OMIM:614023,ORPHA:79350"
5727,PTCH1,"ORPHA:377,OMIM:109400,OMIM:605462,ORPHA:220386,ORPHA:93925,ORPHA:77301,ORPHA:280195,ORPHA:93924,ORPHA:280200,ORPHA:93926,OMIM:610828"
8643,PTCH2,"ORPHA:377,OMIM:155255,OMIM:109400,OMIM:605462"
9791,PTDSS1,"ORPHA:2658,OMIM:151050"
5728,PTEN,"ORPHA:201,ORPHA:101070,OMIM:176807,ORPHA:744,ORPHA:2969,ORPHA:79076,ORPHA:145,OMIM:605309,ORPHA:137608,OMIM:158350,ORPHA:109,ORPHA:65285,OMIM:607174"
5781,PTPN11,"ORPHA:2499,OMIM:151100,ORPHA:648,ORPHA:500,OMIM:156250,OMIM:607785,OMIM:163950"
25930,PTPN23,"ORPHA:528084,OMIM:618890"
51651,PTRH2,"ORPHA:456312,OMIM:616263"
22827,PUF60,"ORPHA:508488,OMIM:615583,ORPHA:508498"
54517,PUS7,"ORPHA:528084,OMIM:618342"
145624,PWAR1,OMIM:176270
791114,PWRN1,OMIM:176270
5831,PYCR1,"ORPHA:2078,OMIM:614438,OMIM:612940"
22931,RAB18,"ORPHA:2510,OMIM:614222"
51715,RAB23,"ORPHA:65759,OMIM:201000"
22930,RAB3GAP1,"ORPHA:2510,OMIM:600118,ORPHA:1387,OMIM:619420"
25782,RAB3GAP2,"ORPHA:2510,OMIM:614225,ORPHA:1387,ORPHA:401830,OMIM:212720"
5879,RAC1,"ORPHA:500159,OMIM:617751"
5881,RAC3,OMIM:618577
5885,RAD21,"OMIM:614701,ORPHA:199,OMIM:611376"
5888,RAD51,"OMIM:114480,OMIM:614508,ORPHA:238722,ORPHA:84,OMIM:617244,ORPHA:145"
5889,RAD51C,"OMIM:613399,OMIM:613390,ORPHA:84,ORPHA:145"
5894,RAF1,"OMIM:611553,OMIM:615916,ORPHA:154,ORPHA:648,ORPHA:500,OMIM:611554"
5913,RAPSN,"OMIM:616326,OMIM:618388,ORPHA:994,ORPHA:98913"
5915,RARB,"ORPHA:2470,OMIM:615524"
5932,RBBP8,"OMIM:606744,ORPHA:808,OMIM:251255"
8241,RBM10,"ORPHA:2886,OMIM:311900"
27316,RBMX,OMIM:300238
5940,RBMY1A1,"OMIM:415000,ORPHA:1646"
5949,RBP3,"OMIM:615233,ORPHA:791,OMIM:268000"
145226,RDH12,"ORPHA:65,OMIM:612712,ORPHA:791"
9401,RECQL4,"ORPHA:1225,OMIM:268400,ORPHA:221016,OMIM:218600,OMIM:266280"
92840,REEP6,"ORPHA:791,OMIM:617304"
473,RERE,"OMIM:616975,ORPHA:494344,ORPHA:1606"
55159,RFWD3,"OMIM:617784,ORPHA:84"
5995,RGR,"OMIM:613769,ORPHA:791"
6010,RHO,"OMIM:613731,ORPHA:52427,ORPHA:215,OMIM:610445,OMIM:136880,ORPHA:791"
54453,RIN2,"OMIM:613075,ORPHA:217335"
54101,RIPK4,"OMIM:214350,ORPHA:1401,OMIM:263650,ORPHA:1234"
134701,RIPPLY2,"ORPHA:2311,OMIM:616566"
6016,RIT1,"ORPHA:648,OMIM:615355"
6017,RLBP1,"ORPHA:52427,OMIM:136880,ORPHA:85128,ORPHA:791,OMIM:607475,OMIM:607476"
51132,RLIM,"OMIM:300978,ORPHA:528084"
10535,RNASEH2A,"OMIM:610333,ORPHA:51"
79621,RNASEH2B,"ORPHA:51,OMIM:610181"
84153,RNASEH2C,"ORPHA:51,OMIM:610329"
7737,RNF113A,"OMIM:300953,ORPHA:33364"
100151683,RNU4ATAC,"ORPHA:353298,OMIM:616651,OMIM:226960,ORPHA:2636,OMIM:210710,ORPHA:1824"
6094,ROM1,"ORPHA:791,OMIM:608133,OMIM:268000"
4920,ROR2,"ORPHA:1507,OMIM:268310,OMIM:113000"
6095,RORA,OMIM:618060
6101,RP1,"OMIM:180100,ORPHA:791"
94137,RP1L1,"OMIM:613587,OMIM:618826,ORPHA:791"
6102,RP2,"ORPHA:791,OMIM:312600"
6100,RP9,"OMIM:180104,ORPHA:791"
6121,RPE65,"ORPHA:65,OMIM:618697,ORPHA:791,OMIM:613794,OMIM:204100,ORPHA:364055"
6103,RPGR,"OMIM:304020,OMIM:300029,ORPHA:1872,ORPHA:49382,OMIM:300455,ORPHA:791,ORPHA:244,OMIM:300834"
57096,RPGRIP1,"OMIM:613826,OMIM:608194,ORPHA:564,ORPHA:65,ORPHA:1872"
23322,RPGRIP1L,"ORPHA:1454,OMIM:619113,ORPHA:564,OMIM:611560,OMIM:611561,ORPHA:220497"
6134,RPL10,"ORPHA:459070,ORPHA:435938,OMIM:300998"
6135,RPL11,"ORPHA:124,OMIM:612562"
6138,RPL15,"OMIM:615550,ORPHA:124"
6141,RPL18,"ORPHA:124,OMIM:618310"
6154,RPL26,"ORPHA:124,OMIM:614900"
6155,RPL27,"ORPHA:124,OMIM:617408"
11224,RPL35,"ORPHA:124,OMIM:618312"
6165,RPL35A,"ORPHA:124,OMIM:612528"
6125,RPL5,"ORPHA:124,OMIM:612561"
6204,RPS10,"ORPHA:124,OMIM:613308"
6210,RPS15A,"ORPHA:124,OMIM:618313"
6218,RPS17,"ORPHA:124,OMIM:612527"
6223,RPS19,"ORPHA:124,OMIM:105650"
6229,RPS24,"ORPHA:124,OMIM:610629"
6231,RPS26,"ORPHA:124,OMIM:613309"
6232,RPS27,"ORPHA:124,OMIM:617409"
6234,RPS28,"ORPHA:124,OMIM:606164"
6235,RPS29,"ORPHA:124,OMIM:615909"
6201,RPS7,"OMIM:612563,ORPHA:124"
22800,RRAS2,"ORPHA:648,OMIM:618624"
284654,RSPO1,"OMIM:610644,ORPHA:85112"
340419,RSPO2,"ORPHA:3301,OMIM:618021,OMIM:618022"
51750,RTEL1,"OMIM:615190,ORPHA:2032,ORPHA:3322,ORPHA:1775,OMIM:616373"
25914,RTTN,"OMIM:614833,ORPHA:468631"
10329,RXYLT1,"ORPHA:899,OMIM:615041"
6261,RYR1,"ORPHA:423,OMIM:145600,ORPHA:424107,ORPHA:178145,OMIM:117000,ORPHA:324581,ORPHA:169186,ORPHA:169189,ORPHA:597,ORPHA:98905,OMIM:255320,ORPHA:466650,OMIM:255310"
6295,SAG,"OMIM:258100,ORPHA:215,ORPHA:75382,ORPHA:791,OMIM:613758"
6299,SALL1,"OMIM:107480,ORPHA:857"
54809,SAMD9,"OMIM:610455,OMIM:617053,OMIM:619041"
25939,SAMHD1,"OMIM:612952,ORPHA:51,OMIM:614415"
6304,SATB1,"ORPHA:528084,OMIM:619229,OMIM:619228"
23314,SATB2,"ORPHA:251019,ORPHA:576283,ORPHA:251028,OMIM:612313"
6309,SC5D,"ORPHA:46059,OMIM:607330"
49855,SCAPER,"OMIM:618195,ORPHA:110,ORPHA:791"
6324,SCN1B,"ORPHA:1934,ORPHA:36387,OMIM:615377,OMIM:617350,ORPHA:33069,OMIM:612838,OMIM:604233,ORPHA:871,ORPHA:130"
6326,SCN2A,"OMIM:618924,ORPHA:1934,ORPHA:3451,OMIM:613721,ORPHA:306,ORPHA:36387,ORPHA:33069,OMIM:607745"
222663,SCUBE3,OMIM:619184
55681,SCYL2,OMIM:618766
10806,SDCCAG8,"ORPHA:110,OMIM:615993,OMIM:613615,ORPHA:3156"
6390,SDHB,"OMIM:115310,OMIM:606864,ORPHA:201,ORPHA:97286,OMIM:606764,OMIM:171300,ORPHA:29072,ORPHA:276621,ORPHA:44890,ORPHA:3208,OMIM:619224"
6391,SDHC,"OMIM:606864,ORPHA:201,ORPHA:97286,OMIM:606764,ORPHA:29072,ORPHA:44890,OMIM:605373"
6392,SDHD,"OMIM:606864,ORPHA:201,ORPHA:100093,OMIM:619167,ORPHA:97286,OMIM:171300,ORPHA:29072,ORPHA:276621,ORPHA:3208,OMIM:168000"
10484,SEC23A,"OMIM:607812,ORPHA:50814"
10483,SEC23B,"OMIM:224100,ORPHA:201,OMIM:616858"
10371,SEMA3A,"OMIM:614897,ORPHA:478,ORPHA:130"
9723,SEMA3E,"ORPHA:138,OMIM:146110,OMIM:214800"
64218,SEMA4A,"OMIM:610282,ORPHA:440437,OMIM:610283,ORPHA:1872,ORPHA:791"
26040,SETBP1,"OMIM:269150,OMIM:616078,ORPHA:798,ORPHA:436151"
9739,SETD1A,"OMIM:619056,OMIM:618832"
29072,SETD2,"OMIM:616831,ORPHA:821"
55209,SETD5,"ORPHA:404440,OMIM:615761"
8879,SGPL1,OMIM:617575
6469,SHH,"ORPHA:93321,ORPHA:220386,OMIM:269160,ORPHA:93925,ORPHA:280195,OMIM:611638,ORPHA:93405,ORPHA:280200,ORPHA:93926,OMIM:147250,ORPHA:3332,ORPHA:2162,OMIM:142945,ORPHA:93924"
8036,SHOC2,"ORPHA:2701,OMIM:607721"
6477,SIAH1,OMIM:619314
150094,SIK1,"ORPHA:1934,ORPHA:3451,OMIM:616341,ORPHA:1935"
64374,SIL1,"ORPHA:559,OMIM:248800"
25942,SIN3A,"ORPHA:94065,ORPHA:500166,OMIM:613406"
6496,SIX3,"ORPHA:220386,OMIM:269160,ORPHA:93925,ORPHA:2162,ORPHA:280195,OMIM:157170,ORPHA:93924,ORPHA:280200,ORPHA:93926"
4990,SIX6,"OMIM:206900,OMIM:212550"
6497,SKI,"ORPHA:2462,OMIM:182212,ORPHA:1606"
6558,SLC12A2,"OMIM:619081,ORPHA:528084,ORPHA:88616,OMIM:619083,OMIM:619080"
6567,SLC16A2,"OMIM:300523,ORPHA:59"
6572,SLC18A3,"OMIM:617239,ORPHA:98914,ORPHA:994"
10560,SLC19A2,"ORPHA:49827,OMIM:249270"
1468,SLC25A10,OMIM:618972
79751,SLC25A22,"ORPHA:1934,OMIM:609304,ORPHA:1935"
29957,SLC25A24,"ORPHA:2963,ORPHA:2095,OMIM:612289"
1836,SLC26A2,"ORPHA:93307,OMIM:222600,OMIM:600972,ORPHA:93298,ORPHA:628,OMIM:256050,ORPHA:56304,OMIM:226900"
55315,SLC29A3,"ORPHA:168569,ORPHA:1782,OMIM:602782"
10568,SLC34A2,"OMIM:265100,ORPHA:60025"
23169,SLC35D1,"OMIM:269250,ORPHA:3144"
55630,SLC39A4,"ORPHA:37,OMIM:201100"
57709,SLC7A14,"OMIM:615725,ORPHA:791"
84464,SLX4,"OMIM:613951,ORPHA:84"
4089,SMAD4,"ORPHA:329971,ORPHA:91387,OMIM:175050,ORPHA:2588,ORPHA:1333,OMIM:139210,OMIM:260350,ORPHA:774,OMIM:174900"
6595,SMARCA2,"OMIM:601358,ORPHA:2728,ORPHA:3051,OMIM:619293"
6597,SMARCA4,"ORPHA:1465,OMIM:614609,OMIM:613325"
6598,SMARCB1,"ORPHA:1465,OMIM:162091,ORPHA:99966,ORPHA:2495,OMIM:609322,OMIM:614608"
6601,SMARCC2,"ORPHA:1465,OMIM:618362"
6602,SMARCD1,"ORPHA:1465,OMIM:618779"
6605,SMARCE1,"ORPHA:1465,ORPHA:2495,OMIM:616938,OMIM:607174"
8243,SMC1A,"ORPHA:3095,OMIM:300590,OMIM:301044,ORPHA:220386,ORPHA:199"
9126,SMC3,"OMIM:610759,ORPHA:199"
23347,SMCHD1,"OMIM:603457,ORPHA:2250,ORPHA:269,OMIM:158901"
55181,SMG8,OMIM:619268
6608,SMO,"ORPHA:2495,OMIM:605462,OMIM:241800,ORPHA:388,OMIM:601707,ORPHA:1553"
64093,SMOC1,"OMIM:206920,ORPHA:1106"
6611,SMS,"ORPHA:3063,OMIM:309583"
338433,SNORD115-1,"OMIM:176270,ORPHA:177901,ORPHA:177910,ORPHA:177904"
100033413,SNORD116-1,"OMIM:176270,ORPHA:177901,ORPHA:177910,ORPHA:177904"
23020,SNRNP200,"ORPHA:791,OMIM:610359"
6638,SNRPN,"OMIM:209850,ORPHA:411515,ORPHA:98754,OMIM:176270,OMIM:105830,ORPHA:177901,ORPHA:177910,ORPHA:177904,ORPHA:177907"
402381,SOHLH1,"OMIM:617690,OMIM:618115,ORPHA:399805"
6654,SOS1,"OMIM:135300,ORPHA:648,ORPHA:2024,OMIM:610733"
6655,SOS2,"OMIM:616559,ORPHA:648"
6663,SOX10,"ORPHA:897,OMIM:613266,ORPHA:895,ORPHA:163746,ORPHA:478,OMIM:609136,OMIM:611584"
6664,SOX11,"ORPHA:1465,OMIM:615866"
54345,SOX18,"OMIM:137940,ORPHA:69735,OMIM:607823"
6657,SOX2,"OMIM:206900,ORPHA:77298,ORPHA:3157"
6658,SOX3,"OMIM:312000,OMIM:300123,ORPHA:67045,ORPHA:393,ORPHA:90695,ORPHA:3157"
6659,SOX4,"ORPHA:1465,OMIM:618506"
6662,SOX9,"ORPHA:242,ORPHA:2138,ORPHA:251510,ORPHA:718,OMIM:114290,ORPHA:393,ORPHA:140"
55812,SPATA7,"OMIM:604232,ORPHA:65,ORPHA:791,ORPHA:364055"
23384,SPECC1L,"OMIM:600251,OMIM:145420,OMIM:145410,ORPHA:1519"
23013,SPEN,"OMIM:619312,ORPHA:1606"
81848,SPRY4,"ORPHA:432,OMIM:615266,OMIM:146110,ORPHA:478"
6711,SPTBN1,OMIM:619475
10011,SRA1,OMIM:146110
10847,SRCAP,"ORPHA:2044,OMIM:136140"
6716,SRD5A2,"OMIM:264600,ORPHA:753"
6736,SRY,"ORPHA:242,OMIM:400045,OMIM:400044,ORPHA:2138,ORPHA:251510,ORPHA:1772,ORPHA:393"
6748,SSR4,"OMIM:300934,ORPHA:370927"
246329,STAC3,"OMIM:255995,ORPHA:168572"
10274,STAG1,"OMIM:617635,ORPHA:502434"
6770,STAR,"OMIM:201710,ORPHA:361"
6775,STAT4,"ORPHA:117,ORPHA:85408,ORPHA:85410,ORPHA:93552"
6491,STIL,"OMIM:612703,ORPHA:2162,ORPHA:2512"
6794,STK11,"OMIM:175200,OMIM:155600,OMIM:260350,ORPHA:2869,OMIM:273300"
64220,STRA6,"ORPHA:2470,OMIM:601186"
412,STS,"ORPHA:281090,ORPHA:461,OMIM:308100"
3703,STT3A,"OMIM:615596,ORPHA:370921"
201595,STT3B,"ORPHA:370924,OMIM:615597"
6812,STXBP1,"ORPHA:3095,ORPHA:442835,ORPHA:1934,ORPHA:3451,OMIM:612164,ORPHA:33069,ORPHA:178469,ORPHA:495818"
8802,SUCLG1,"OMIM:245400,ORPHA:17"
51684,SUFU,"ORPHA:377,OMIM:155255,ORPHA:475,OMIM:109400,OMIM:617757,ORPHA:2495,OMIM:607174,ORPHA:280200"
23512,SUZ12,"ORPHA:3447,OMIM:618786"
374969,SVBP,"ORPHA:528084,OMIM:618569"
93426,SYCE1,"OMIM:616947,ORPHA:399805,OMIM:616950"
50511,SYCP3,"OMIM:270960,ORPHA:399805"
23345,SYNE1,"OMIM:610743,OMIM:618484,ORPHA:88644,ORPHA:98853,OMIM:612998"
8831,SYNGAP1,"ORPHA:442835,ORPHA:1942,ORPHA:544254,ORPHA:178469,OMIM:612621"
6866,TAC3,"ORPHA:432,OMIM:614839"
6870,TACR3,"ORPHA:432,ORPHA:478,OMIM:614840"
6875,TAF4B,"OMIM:615841,ORPHA:399805"
6878,TAF6,OMIM:617126
6888,TALDO1,"OMIM:606003,ORPHA:101028"
26115,TANC2,"ORPHA:528084,OMIM:618906"
202018,TAPT1,OMIM:616897
6897,TARS1,"OMIM:618546,ORPHA:33364"
55617,TASP1,OMIM:618950
128637,TBC1D20,"ORPHA:2510,OMIM:615663"
57465,TBC1D24,"ORPHA:352582,ORPHA:352596,OMIM:616044,ORPHA:79500,OMIM:220500,OMIM:614617,OMIM:605021,OMIM:615338,ORPHA:163727,OMIM:608105"
6904,TBCD,"OMIM:617193,ORPHA:496641"
6905,TBCE,"OMIM:241410,ORPHA:93324,ORPHA:2323,OMIM:617207,OMIM:244460,ORPHA:496756"
93627,TBCK,"ORPHA:488632,OMIM:616900"
79718,TBL1XR1,"OMIM:602342,ORPHA:520,OMIM:616944,ORPHA:487825"
6899,TBX1,"ORPHA:567,OMIM:192430,OMIM:187500,ORPHA:1727,OMIM:188400,OMIM:217095,ORPHA:3303"
6913,TBX15,"ORPHA:93333,OMIM:260660"
50945,TBX22,"OMIM:303400,ORPHA:921,OMIM:302905"
6926,TBX3,"OMIM:181450,ORPHA:3138"
9496,TBX4,"ORPHA:261279,ORPHA:1509,OMIM:601360,OMIM:147891,ORPHA:238578"
6942,TCF20,"ORPHA:528084,OMIM:618430"
6925,TCF4,"ORPHA:178469,ORPHA:171,ORPHA:2896,OMIM:610954,OMIM:613267"
6949,TCOF1,"OMIM:154500,ORPHA:861"
79600,TCTN1,"ORPHA:475,ORPHA:564,OMIM:614173"
79867,TCTN2,"ORPHA:475,ORPHA:564,OMIM:616654,OMIM:613885"
26123,TCTN3,"ORPHA:2754,ORPHA:564,ORPHA:2753,OMIM:614815,OMIM:258860"
122402,TDRD9,"ORPHA:399805,OMIM:618110"
7012,TERC,"ORPHA:2032,OMIM:614743,ORPHA:1775,ORPHA:88,OMIM:127550"
7015,TERT,"OMIM:615134,ORPHA:2032,OMIM:613989,ORPHA:3322,ORPHA:2495,ORPHA:1775,OMIM:178500,OMIM:614742,ORPHA:88,ORPHA:618,OMIM:601626,OMIM:609135,OMIM:127550"
56159,TEX11,"ORPHA:399805,OMIM:309120"
56155,TEX14,"OMIM:617707,ORPHA:399805"
56154,TEX15,"ORPHA:399805,OMIM:617960"
7020,TFAP2A,"ORPHA:1297,OMIM:113620"
23483,TGDS,"OMIM:616145,ORPHA:1388"
7050,TGIF1,"OMIM:142946,ORPHA:220386,ORPHA:93925,ORPHA:280195,ORPHA:93924,ORPHA:280200,ORPHA:93926"
57187,THOC2,"OMIM:300957,ORPHA:457240"
79228,THOC6,"OMIM:613680,ORPHA:363444"
26277,TINF2,"ORPHA:3322,ORPHA:1775,OMIM:613990,OMIM:268130,OMIM:127550"
54499,TMCO1,"OMIM:213980,ORPHA:1394"
84314,TMEM107,"ORPHA:564,OMIM:617563,OMIM:617562"
51259,TMEM216,"ORPHA:2754,ORPHA:564,OMIM:603194,OMIM:608091,ORPHA:2318"
79583,TMEM231,"ORPHA:564,OMIM:614970,OMIM:615397,ORPHA:2318,ORPHA:2752"
65062,TMEM237,"ORPHA:475,OMIM:614424,ORPHA:564,ORPHA:2318,ORPHA:220497"
9725,TMEM63A,OMIM:618688
91147,TMEM67,"ORPHA:1454,ORPHA:475,OMIM:602152,ORPHA:564,OMIM:613550,OMIM:607361,OMIM:615991,OMIM:610688,OMIM:216360"
54968,TMEM70,"OMIM:614052,ORPHA:1194"
9772,TMEM94,OMIM:618316
7132,TNFRSF1A,"OMIM:142680,ORPHA:329967,ORPHA:32960"
23112,TNRC6B,"ORPHA:528084,OMIM:619243"
7148,TNXB,"OMIM:615963,OMIM:606408,ORPHA:230839"
114034,TOE1,"ORPHA:284339,OMIM:614969"
23116,TOGARAM1,OMIM:619185
4796,TONSL,"OMIM:271510,ORPHA:93357"
10210,TOPORS,"OMIM:609923,ORPHA:791"
7157,TP53,"ORPHA:3318,ORPHA:1501,OMIM:607107,ORPHA:1333,ORPHA:668,OMIM:259500,OMIM:260350,OMIM:114550,ORPHA:2807,ORPHA:145,OMIM:202300,ORPHA:524,OMIM:618165,OMIM:260500,OMIM:114500,OMIM:114480,OMIM:151623,OMIM:137800"
8626,TP63,"OMIM:106260,ORPHA:1071,ORPHA:978,OMIM:603543,OMIM:605289,OMIM:103285,ORPHA:141291,ORPHA:93930,ORPHA:199306,OMIM:129400,ORPHA:2440,OMIM:604292,ORPHA:199302,ORPHA:69085,ORPHA:1896"
7169,TPM2,"OMIM:609285,ORPHA:1147,ORPHA:171439,ORPHA:171881,ORPHA:171436,OMIM:108120,ORPHA:2020,OMIM:255310,ORPHA:1146"
10293,TRAIP,"OMIM:616777,ORPHA:808"
51399,TRAPPC4,"ORPHA:528084,OMIM:618741"
11277,TREX1,"ORPHA:247691,OMIM:610448,OMIM:225750,OMIM:152700,OMIM:192315,ORPHA:51"
22954,TRIM32,"ORPHA:110,OMIM:615988,ORPHA:1878,OMIM:254110"
81603,TRIM8,ORPHA:1934
9320,TRIP12,"OMIM:617752,ORPHA:528084"
9319,TRIP13,"OMIM:617598,ORPHA:654,OMIM:619011,ORPHA:1052"
9325,TRIP4,"ORPHA:486815,OMIM:617066,OMIM:616866"
55621,TRMT1,"OMIM:618302,ORPHA:528084"
8295,TRRAP,"OMIM:618778,OMIM:618454"
7252,TSHB,"ORPHA:90674,OMIM:275100"
7259,TSPYL1,"ORPHA:168593,OMIM:608800"
90121,TSR2,"OMIM:300946,ORPHA:124"
9652,TTC37,"ORPHA:84064,OMIM:222470"
123016,TTC8,"ORPHA:110,OMIM:615985,ORPHA:791,OMIM:613464"
7275,TUB,"ORPHA:791,OMIM:616188"
203068,TUBB,"ORPHA:2505,OMIM:156610,OMIM:615771"
7287,TULP1,"ORPHA:65,ORPHA:791,OMIM:613843,OMIM:600132"
7291,TWIST1,"OMIM:123100,ORPHA:794,ORPHA:35093,ORPHA:35098,OMIM:180750,OMIM:101400,ORPHA:35099,OMIM:617746"
117581,TWIST2,"ORPHA:1807,OMIM:209885,ORPHA:920,ORPHA:1231,OMIM:200110,OMIM:227260"
10587,TXNRD2,"ORPHA:154,ORPHA:361,OMIM:617825"
7317,UBA1,"ORPHA:1145,OMIM:301830,OMIM:301054"
7319,UBE2A,"OMIM:300860,ORPHA:163956"
29089,UBE2T,"ORPHA:84,OMIM:616435"
89910,UBE3B,"OMIM:244450,ORPHA:2707"
197131,UBR1,"OMIM:243800,ORPHA:2315"
55148,UBR7,"OMIM:619189,ORPHA:528084"
51733,UPB1,OMIM:613161
65109,UPF3B,"ORPHA:776,OMIM:300676,ORPHA:777"
84300,UQCC2,OMIM:615824
79650,USB1,"OMIM:604173,ORPHA:1775"
7399,USH2A,"ORPHA:791,ORPHA:231178,OMIM:613809,OMIM:276901"
7874,USP7,"ORPHA:500055,OMIM:616863"
8239,USP9X,"ORPHA:480880,OMIM:300919,ORPHA:777,OMIM:300968"
8287,USP9Y,"OMIM:415000,ORPHA:1646"
55697,VAC14,"ORPHA:3472,OMIM:617054"
81839,VANGL1,"ORPHA:3027,OMIM:600145,OMIM:182940"
7424,VEGFC,"OMIM:615907,ORPHA:79452"
157680,VPS13B,"OMIM:216550,ORPHA:193"
57020,VPS35L,OMIM:619135
8936,WASF1,"ORPHA:528084,OMIM:618707"
9897,WASHC5,"OMIM:603563,ORPHA:100989,OMIM:220210,ORPHA:7"
23001,WDFY3,"ORPHA:528084,OMIM:617520"
51057,WDPCP,"ORPHA:1338,ORPHA:110,OMIM:217085,OMIM:615992"
55717,WDR11,"ORPHA:432,OMIM:614858,OMIM:146110,ORPHA:478,ORPHA:95496"
57539,WDR35,"ORPHA:1515,OMIM:613610,OMIM:614091,ORPHA:93271"
22884,WDR37,OMIM:618652
7466,WFS1,"OMIM:116400,OMIM:125853,OMIM:600965,OMIM:614296,ORPHA:3463,OMIM:222300,ORPHA:411590"
7473,WNT3,"OMIM:273395,ORPHA:3301"
54361,WNT4,"ORPHA:247768,ORPHA:139466,OMIM:611812,OMIM:158330"
7474,WNT5A,"ORPHA:3107,OMIM:180700"
7476,WNT7A,"ORPHA:2879,OMIM:276820,OMIM:228930"
55135,WRAP53,"OMIM:613988,ORPHA:1775"
7486,WRN,"ORPHA:902,OMIM:277700"
7490,WT1,"ORPHA:242,OMIM:256370,OMIM:608978,ORPHA:347,ORPHA:3097,ORPHA:893,ORPHA:83469,OMIM:156240,ORPHA:656,OMIM:136680,ORPHA:220,OMIM:194080,OMIM:106210,ORPHA:654,ORPHA:251510,OMIM:194072,OMIM:194070"
51741,WWOX,"ORPHA:442835,OMIM:133239,ORPHA:284282,ORPHA:99977,ORPHA:251510,OMIM:614322,OMIM:616211"
7507,XPA,"OMIM:278700,ORPHA:910"
7508,XPC,"OMIM:278720,ORPHA:910"
7516,XRCC2,"ORPHA:399805,OMIM:617247,ORPHA:84,OMIM:619145,OMIM:619146"
7518,XRCC4,"ORPHA:436182,ORPHA:99812,OMIM:616541"
64132,XYLT2,"ORPHA:85194,OMIM:605822,OMIM:264800"
7528,YY1,"ORPHA:97279,OMIM:617557,ORPHA:506358"
7704,ZBTB16,"ORPHA:520,OMIM:612447"
26137,ZBTB20,"OMIM:259050,ORPHA:3042"
51114,ZDHHC9,"ORPHA:776,OMIM:300799"
9839,ZEB2,"ORPHA:261552,OMIM:235730,ORPHA:261537"
23414,ZFPM2,"OMIM:616067,OMIM:610187,OMIM:187500,ORPHA:251510,ORPHA:2140,ORPHA:3303"
7546,ZIC2,"OMIM:609637,ORPHA:220386,ORPHA:93925,ORPHA:2162,ORPHA:280195,ORPHA:93924,ORPHA:280200,ORPHA:93926"
7547,ZIC3,"OMIM:314390,OMIM:306955"
57178,ZMIZ1,"ORPHA:528084,OMIM:618659"
10269,ZMPSTE24,"ORPHA:740,ORPHA:90154,ORPHA:1662,OMIM:275210,OMIM:608612"
84225,ZMYND15,"OMIM:615842,ORPHA:399805"
79797,ZNF408,"OMIM:616469,ORPHA:791,OMIM:616468,ORPHA:891"
130557,ZNF513,"ORPHA:791,OMIM:613617"
374879,ZNF699,OMIM:619488
8882,ZPR1,OMIM:619321
57688,ZSWIM6,"OMIM:603671,ORPHA:1827,OMIM:617865"